-- Initial data for Contributed Memento
-- Fuzzy Dates

INSERT INTO `reminiscensdb`.`Fuzzy_Date` (`fuzzy_date_id`, `textual_date`, `exact_date`, `decade`, `year`, `month`, `day`, `accuracy`, `locale`) VALUES ('15000', '29/09/1940', '1940-9-29', '1940', '1940', '9', '29', '4', 'it_IT');
INSERT INTO `reminiscensdb`.`Fuzzy_Date` (`fuzzy_date_id`, `textual_date`, `exact_date`, `decade`, `year`, `month`, `day`, `accuracy`, `locale`) VALUES ('15001', '00/00/1970', '1970-0-0', '1970', '1970', '0', '0', '4', 'it_IT');
INSERT INTO `reminiscensdb`.`Fuzzy_Date` (`fuzzy_date_id`, `textual_date`, `exact_date`, `decade`, `year`, `month`, `day`, `accuracy`, `locale`) VALUES ('15002', '00/00/1990', '1990-0-0', '1990', '1990', '0', '0', '4', 'it_IT');
INSERT INTO `reminiscensdb`.`Fuzzy_Date` (`fuzzy_date_id`, `textual_date`, `exact_date`, `decade`, `year`, `month`, `day`, `accuracy`, `locale`) VALUES ('15003', '03/05/1951', '1951-5-3', '1950', '1951', '5', '3', '4', 'it_IT');
INSERT INTO `reminiscensdb`.`Fuzzy_Date` (`fuzzy_date_id`, `textual_date`, `exact_date`, `decade`, `year`, `month`, `day`, `accuracy`, `locale`) VALUES ('15004', '23/01/1972', '1972-1-23', '1970', '1972', '1', '23', '4', 'it_IT');
INSERT INTO `reminiscensdb`.`Fuzzy_Date` (`fuzzy_date_id`, `textual_date`, `exact_date`, `decade`, `year`, `month`, `day`, `accuracy`, `locale`) VALUES ('15005', '16/02/2010', '2010-2-16', '2010', '2010', '2', '16', '4', 'it_IT');
INSERT INTO `reminiscensdb`.`Fuzzy_Date` (`fuzzy_date_id`, `textual_date`, `exact_date`, `decade`, `year`, `month`, `day`, `accuracy`, `locale`) VALUES ('15006', '20/02/1946', '1946-2-20', '1940', '1946', '2', '20', '4', 'it_IT');
INSERT INTO `reminiscensdb`.`Fuzzy_Date` (`fuzzy_date_id`, `textual_date`, `exact_date`, `decade`, `year`, `month`, `day`, `accuracy`, `locale`) VALUES ('15007', '16/09/1998', '1998-9-16', '1990', '1998', '9', '16', '4', 'it_IT');
INSERT INTO `reminiscensdb`.`Fuzzy_Date` (`fuzzy_date_id`, `textual_date`, `exact_date`, `decade`, `year`, `month`, `day`, `accuracy`, `locale`) VALUES ('15008', '00/01/2002', '2002-1-0', '2000', '2002', '1', '0', '4', 'it_IT');
INSERT INTO `reminiscensdb`.`Fuzzy_Date` (`fuzzy_date_id`, `textual_date`, `exact_date`, `decade`, `year`, `month`, `day`, `accuracy`, `locale`) VALUES ('15009', '20/09/1947', '1947-9-20', '1940', '1947', '9', '20', '4', 'it_IT');
INSERT INTO `reminiscensdb`.`Fuzzy_Date` (`fuzzy_date_id`, `textual_date`, `exact_date`, `decade`, `year`, `month`, `day`, `accuracy`, `locale`) VALUES ('15010', '00/00/1973', '1973-0-0', '1970', '1973', '0', '0', '4', 'it_IT');
INSERT INTO `reminiscensdb`.`Fuzzy_Date` (`fuzzy_date_id`, `textual_date`, `exact_date`, `decade`, `year`, `month`, `day`, `accuracy`, `locale`) VALUES ('15011', '26/02/1992', '1992-2-26', '1990', '1992', '2', '26', '4', 'it_IT');
INSERT INTO `reminiscensdb`.`Fuzzy_Date` (`fuzzy_date_id`, `textual_date`, `exact_date`, `decade`, `year`, `month`, `day`, `accuracy`, `locale`) VALUES ('15012', '26/02/1992', '1992-2-26', '1990', '1992', '2', '26', '4', 'it_IT');
INSERT INTO `reminiscensdb`.`Fuzzy_Date` (`fuzzy_date_id`, `textual_date`, `exact_date`, `decade`, `year`, `month`, `day`, `accuracy`, `locale`) VALUES ('15013', '16/02/2010', '2010-2-16', '2010', '2010', '2', '16', '4', 'it_IT');
INSERT INTO `reminiscensdb`.`Fuzzy_Date` (`fuzzy_date_id`, `textual_date`, `exact_date`, `decade`, `year`, `month`, `day`, `accuracy`, `locale`) VALUES ('15014', '06/04/1935', '1935-4-6', '1930', '1935', '4', '6', '4', 'it_IT');
INSERT INTO `reminiscensdb`.`Fuzzy_Date` (`fuzzy_date_id`, `textual_date`, `exact_date`, `decade`, `year`, `month`, `day`, `accuracy`, `locale`) VALUES ('15015', '15/12/2010', '2010-12-15', '2010', '2010', '12', '15', '4', 'it_IT');
INSERT INTO `reminiscensdb`.`Fuzzy_Date` (`fuzzy_date_id`, `textual_date`, `exact_date`, `decade`, `year`, `month`, `day`, `accuracy`, `locale`) VALUES ('15016', '20/02/2010', '2010-2-20', '2010', '2010', '2', '20', '4', 'it_IT');
INSERT INTO `reminiscensdb`.`Fuzzy_Date` (`fuzzy_date_id`, `textual_date`, `exact_date`, `decade`, `year`, `month`, `day`, `accuracy`, `locale`) VALUES ('15017', '12/05/1995', '1995-5-12', '1990', '1995', '5', '12', '4', 'it_IT');
INSERT INTO `reminiscensdb`.`Fuzzy_Date` (`fuzzy_date_id`, `textual_date`, `exact_date`, `decade`, `year`, `month`, `day`, `accuracy`, `locale`) VALUES ('15018', '29/02/1992', '1992-2-29', '1990', '1992', '2', '29', '4', 'it_IT');
INSERT INTO `reminiscensdb`.`Fuzzy_Date` (`fuzzy_date_id`, `textual_date`, `exact_date`, `decade`, `year`, `month`, `day`, `accuracy`, `locale`) VALUES ('15019', '29/02/1992', '1992-2-29', '1990', '1992', '2', '29', '4', 'it_IT');
INSERT INTO `reminiscensdb`.`Fuzzy_Date` (`fuzzy_date_id`, `textual_date`, `exact_date`, `decade`, `year`, `month`, `day`, `accuracy`, `locale`) VALUES ('15020', '20/02/2010', '2010-2-20', '2010', '2010', '2', '20', '4', 'it_IT');


-- Location
INSERT INTO `reminiscensdb`.`Location` (`location_id`, `location_textual`, `accuracy`, `country`, `region`, `city`, `locale`) VALUES ('2350', '-Zapponeta(Apulia),Italy', '11', 'Italy', 'Apulia', 'Zapponeta', 'en_EN');
INSERT INTO `reminiscensdb`.`Location` (`location_id`, `location_textual`, `accuracy`, `country`, `city`, `locale`) VALUES ('2351', '-San remo,Italia', '11', 'Italia', 'San remo', 'it_IT');
INSERT INTO `reminiscensdb`.`Location` (`location_id`, `location_textual`, `accuracy`, `country`, `region`, `city`, `locale`) VALUES ('2352', '-Bari(),Italia', '11', 'Italia', 'Puglia', 'Bari', 'it_IT');
INSERT INTO `reminiscensdb`.`Location` (`location_id`, `location_textual`, `accuracy`, `name`, `country`, `region`, `city`, `locale`) VALUES ('2353', 'Borgo Santa Lucia-Napoli(Calabria),Italia', '11', 'Borgo Santa Lucia', 'Italia', 'Campania', 'Napoli', 'it_IT');
INSERT INTO `reminiscensdb`.`Location` (`location_id`, `location_textual`, `accuracy`, `name`, `country`, `region`, `city`, `locale`) VALUES ('2354', 'Teatro Sistina-Roma,Italia', '11', 'Teatro Sistina', 'Italia', 'Lazio', 'Roma', 'it_IT');
INSERT INTO `reminiscensdb`.`Location` (`location_id`, `location_textual`, `accuracy`, `name`, `country`, `region`, `city`, `locale`) VALUES ('2355', 'Teatro Ariston-Sanremo(Liguria),Italia', '11', 'Teatro Ariston', 'Italia', 'Liguria', 'Sanremo', 'it_IT');
INSERT INTO `reminiscensdb`.`Location` (`location_id`, `location_textual`, `accuracy`, `country`, `region`, `city`, `locale`) VALUES ('2356', '-Ho Chi Minh(Dong Nam Bo),Vietnam', '11', 'Vietnam', 'Dong Nam Bo', 'Ho Chi Minh', 'it_IT');
INSERT INTO `reminiscensdb`.`Location` (`location_id`, `location_textual`, `accuracy`, `name`, `country`, `city`, `locale`) VALUES ('2357', 'Palazzo dei Congressi-Parigi, Francia', '11', 'Palazzo dei Congressi', 'Francia', 'Parigi', 'it_IT');
INSERT INTO `reminiscensdb`.`Location` (`location_id`, `location_textual`, `accuracy`, `name`, `country`, `region`, `city`, `locale`) VALUES ('2358', 'Gran Teatro-Roma(Lazio),Italia', '11', 'Gran Teatro', 'Italia', 'Lazio', 'Roma', 'it_IT');
INSERT INTO `reminiscensdb`.`Location` (`location_id`, `location_textual`, `accuracy`, `name`, `country`, `region`, `city`, `locale`) VALUES ('2359', 'Bagnara Clabra-Reggio Calabria(Calabria),Italia', '11', 'Bagnara Clabra', 'Italia', 'Calabria', 'Reggio Calabria', 'it_IT');
INSERT INTO `reminiscensdb`.`Location` (`location_id`, `location_textual`, `accuracy`, `country`, `region`, `city`, `locale`) VALUES ('2360', 'Reggio Calabria(Calabria),Italia', '11', 'Italia', 'Calabria', 'Reggio Calabria', 'it_IT');
INSERT INTO `reminiscensdb`.`Location` (`location_id`, `location_textual`, `accuracy`, `name`, `country`, `region`, `city`, `locale`) VALUES ('2361', 'Teatro Ariston-Sanremo(Liguria),Italia', '11', 'Teatro Ariston', 'Italia', 'Liguria', 'Sanremo', 'it_IT');
INSERT INTO `reminiscensdb`.`Location` (`location_id`, `location_textual`, `accuracy`, `name`, `country`, `region`, `city`, `locale`) VALUES ('2362', 'Teatro Ariston-Sanremo(Liguria),Italia', '11', 'Teatro Ariston', 'Italia', 'Liguria', 'Sanremo', 'it_IT');
INSERT INTO `reminiscensdb`.`Location` (`location_id`, `location_textual`, `accuracy`, `name`, `country`, `region`, `city`, `locale`) VALUES ('2363', 'Teatro Ariston-Sanremo(Liguria),Italia', '11', 'Teatro Ariston', 'Italia', 'Liguria', 'Sanremo', 'it_IT');
INSERT INTO `reminiscensdb`.`Location` (`location_id`, `location_textual`, `accuracy`, `country`, `region`, `city`, `locale`) VALUES ('2364', '-Campobasso(Molise), Italia', '11', 'Italia', 'Molise', 'Campobasso', 'it_IT');
INSERT INTO `reminiscensdb`.`Location` (`location_id`, `location_textual`, `accuracy`, `name`, `country`, `region`, `city`, `locale`) VALUES ('2365', 'Teatro Palapartenope-Napoli(Campania),Italia', '11', 'Teatro Palapartenope', 'Italia', 'Campania', 'Napoli', 'it_IT');
INSERT INTO `reminiscensdb`.`Location` (`location_id`, `location_textual`, `accuracy`, `country`, `region`, `city`, `locale`) VALUES ('2366', '-Milano(Lombardia), Italia', '11', 'Italia', 'Lombardia', 'Milano', 'it_IT');


CREATE  TABLE IF NOT EXISTS `reminiscensdb`.`Contributed_Memento` (
  `contributed_memento_id` INT NOT NULL AUTO_INCREMENT ,
  `headline` VARCHAR(254) NULL ,
  `text` TEXT NULL ,
  `type` VARCHAR(32) NULL DEFAULT NULL COMMENT 'VIDEO, IMAGE, AUDIO, TEXT' ,
  `category` VARCHAR(45) NULL DEFAULT NULL COMMENT 'PICTURES, SONG, PEOPLE, STORY, FILM, TV' ,
  `source` VARCHAR(45) NULL ,
  `source_url` TEXT NULL ,
  `resource_url` TEXT NULL DEFAULT NULL ,
  `resource_thumbnail_url` TEXT NULL DEFAULT NULL ,
  `author` TEXT NULL ,
  `collection` TEXT NULL ,
  `nationality` TEXT NULL ,
  `locale` VARCHAR(45) NULL ,
  `haschcode` TEXT NULL ,
  `file_hashcode` TEXT NULL ,
  `fuzzy_startdate` BIGINT NULL COMMENT 'If NULL, inherits the one of Life_Event' ,
  `location_start_id` BIGINT NULL COMMENT 'If NULL, inherits the one of Life_Event' ,
  `fuzzy_enddate` BIGINT NULL ,
  `location_end_id` BIGINT NULL ,
  PRIMARY KEY (`contributed_memento_id`) ,
  INDEX `rel_multimedia_taken_location` (`location_start_id` ASC) ,
  INDEX `fk_Memento_Fuzzy_Date1_idx` (`fuzzy_startdate` ASC) ,
  INDEX `fk_Memento_Fuzzy_Date2_idx` (`fuzzy_enddate` ASC) ,
  INDEX `fk_Contributed_Memento_Location1_idx` (`location_end_id` ASC) ,
  CONSTRAINT `rel_multimedia_taken_location0`
    FOREIGN KEY (`location_start_id` )
    REFERENCES `reminiscensdb`.`Location` (`location_id` ),
  CONSTRAINT `fk_Memento_Fuzzy_Date10`
    FOREIGN KEY (`fuzzy_startdate` )
    REFERENCES `reminiscensdb`.`Fuzzy_Date` (`fuzzy_date_id` )
    ON DELETE NO ACTION
    ON UPDATE NO ACTION,
  CONSTRAINT `fk_Memento_Fuzzy_Date20`
    FOREIGN KEY (`fuzzy_enddate` )
    REFERENCES `reminiscensdb`.`Fuzzy_Date` (`fuzzy_date_id` )
    ON DELETE NO ACTION
    ON UPDATE NO ACTION,
  CONSTRAINT `fk_Contributed_Memento_Location1`
    FOREIGN KEY (`location_end_id` )
    REFERENCES `reminiscensdb`.`Location` (`location_id` )
    ON DELETE NO ACTION
    ON UPDATE NO ACTION)
ENGINE = InnoDB
AUTO_INCREMENT = 32
DEFAULT CHARACTER SET = latin1;




INSERT INTO `reminiscensdb`.`Contributed_Memento` (`contributed_memento_id`, `headline`, `text`, `type`, `category`, `source`, `source_url`, `resource_url`, `resource_thumbnail_url`, `author`, `collection`, `nationality`, `locale`, `haschcode`, `file_hashcode`, `fuzzy_startdate`, `location_start_id`, `fuzzy_enddate`, `location_end_id`) VALUES (1, 'Nicola di Bari', 'Nicola Di Bari is an Italian singer. He was born in Zapponeta, Apulia, as Michele Scommegna. He won the Sanremo Music Festival in 1971 and 1972. In 1972 he represented Italy at Eurovision Song Contest with \"I giorni dell\'arcobaleno', 'TEXT', 'PEOPLE', 'Wikipedia', 'http://en.wikipedia.org/wiki/Nicola_Di_Bari', 'http://userserve-ak.last.fm/serve/500/49161685/Nicola+Di+Bari+png.png', NULL, NULL, NULL, 'Italia', 'it_IT', NULL, NULL, 15000, 2350, NULL, NULL);
INSERT INTO `reminiscensdb`.`Contributed_Memento` (`contributed_memento_id`, `headline`, `text`, `type`, `category`, `source`, `source_url`, `resource_url`, `resource_thumbnail_url`, `author`, `collection`, `nationality`, `locale`, `haschcode`, `file_hashcode`, `fuzzy_startdate`, `location_start_id`, `fuzzy_enddate`, `location_end_id`) VALUES (2, 'La prima cosa bella', 'SANREMO 1970 NICOLA DI BARI CANTA LA PRIMA COSA BELLA PIAZZANDOSI SECONDO.', 'VIDEO', 'SONG', 'Youtube', NULL, 'http://www.youtube.com/watch?v=j4LhMa7WgMQ', NULL, 'Nicola Bari', NULL, 'Italia', 'it_IT', NULL, NULL, 15001, 2351, NULL, NULL);
INSERT INTO `reminiscensdb`.`Contributed_Memento` (`contributed_memento_id`, `headline`, `text`, `type`, `category`, `source`, `source_url`, `resource_url`, `resource_thumbnail_url`, `author`, `collection`, `nationality`, `locale`, `haschcode`, `file_hashcode`, `fuzzy_startdate`, `location_start_id`, `fuzzy_enddate`, `location_end_id`) VALUES (3, 'St. Nicholas Center', NULL, 'IMAGE', 'PICTURES', 'Google', 'www.stnicholascenter.org', 'http://www.stnicholascenter.org/media/images/b/bari-bldg-lg.jpg', NULL, NULL, NULL, 'Italia', 'it_IT', NULL, NULL, 15002, 2352, NULL, NULL);
INSERT INTO `reminiscensdb`.`Contributed_Memento` (`contributed_memento_id`, `headline`, `text`, `type`, `category`, `source`, `source_url`, `resource_url`, `resource_thumbnail_url`, `author`, `collection`, `nationality`, `locale`, `haschcode`, `file_hashcode`, `fuzzy_startdate`, `location_start_id`, `fuzzy_enddate`, `location_end_id`) VALUES (4, 'Massimo Ranieri', 'Massimo Ranieri, pseudonimo di Giovanni Calone, è un cantante, attore e personaggio televisivo italiano.', 'TEXT', 'PEOPLE', 'wikipedia', 'http://it.wikipedia.org/wiki/Massimo_Ranieri', 'http://upload.wikimedia.org/wikipedia/commons/a/ad/Ranieri_particolare.JPG', NULL, NULL, NULL, 'Italia', 'it_IT', NULL, NULL, 15003, 2353, NULL, NULL);
INSERT INTO `reminiscensdb`.`Contributed_Memento` (`contributed_memento_id`, `headline`, `text`, `type`, `category`, `source`, `source_url`, `resource_url`, `resource_thumbnail_url`, `author`, `collection`, `nationality`, `locale`, `haschcode`, `file_hashcode`, `fuzzy_startdate`, `location_start_id`, `fuzzy_enddate`, `location_end_id`) VALUES (5, 'O surdato \'nnammurato', 'Registrato il 23 gennaio 1972 al Teatro Sistina di Roma nel corso dello spettacolo \"Musica sì 2\"', 'VIDEO', 'SONG', 'youtube', NULL, 'http://www.youtube.com/watch?v=TaeqZ6__F7k', NULL, 'Massimo Ranieri', NULL, 'Italia', 'it_IT', NULL, NULL, 15004, 2354, NULL, NULL);
INSERT INTO `reminiscensdb`.`Contributed_Memento` (`contributed_memento_id`, `headline`, `text`, `type`, `category`, `source`, `source_url`, `resource_url`, `resource_thumbnail_url`, `author`, `collection`, `nationality`, `locale`, `haschcode`, `file_hashcode`, `fuzzy_startdate`, `location_start_id`, `fuzzy_enddate`, `location_end_id`) VALUES (6, 'Perdere l\'amore', 'Partecipazione di Massimo Ranieri a Sanremo 2010', 'VIDEO', 'SONG', 'youtube', NULL, 'http://www.youtube.com/watch?v=2bLfeFF63v0', NULL, 'Massimo Ranieri', NULL, 'Italia', 'it_IT', NULL, NULL, 15005, 2355, 15016, NULL);
INSERT INTO `reminiscensdb`.`Contributed_Memento` (`contributed_memento_id`, `headline`, `text`, `type`, `category`, `source`, `source_url`, `resource_url`, `resource_thumbnail_url`, `author`, `collection`, `nationality`, `locale`, `haschcode`, `file_hashcode`, `fuzzy_startdate`, `location_start_id`, `fuzzy_enddate`, `location_end_id`) VALUES (7, 'Riccardo Cocciante', 'Riccardo Vincent Cocciante è un cantautore, compositore e musicista italian', 'TEXT', 'PEOPLE', 'wikipedia', 'http://it.wikipedia.org/wiki/Riccardo_Cocciante', 'http://upload.wikimedia.org/wikipedia/commons/thumb/8/88/Cocciante-in-concerto.jpg/250px-Cocciante-in-concerto.jpg', NULL, NULL, NULL, 'Francia, Italia', 'it_IT', NULL, NULL, 15006, 2356, NULL, NULL);
INSERT INTO `reminiscensdb`.`Contributed_Memento` (`contributed_memento_id`, `headline`, `text`, `type`, `category`, `source`, `source_url`, `resource_url`, `resource_thumbnail_url`, `author`, `collection`, `nationality`, `locale`, `haschcode`, `file_hashcode`, `fuzzy_startdate`, `location_start_id`, `fuzzy_enddate`, `location_end_id`) VALUES (8, 'Bella', 'Quasimodo, Frollo e Febo cantano il loro amore ad Esmeralda', 'VIDEO', 'SONG', 'youtube', NULL, 'http://www.youtube.com/watch?v=dukYU-wpaoc', NULL, 'Riccardo Cocciante', NULL, 'Francia', 'it_IT', NULL, NULL, 15007, 2357, NULL, NULL);
INSERT INTO `reminiscensdb`.`Contributed_Memento` (`contributed_memento_id`, `headline`, `text`, `type`, `category`, `source`, `source_url`, `resource_url`, `resource_thumbnail_url`, `author`, `collection`, `nationality`, `locale`, `haschcode`, `file_hashcode`, `fuzzy_startdate`, `location_start_id`, `fuzzy_enddate`, `location_end_id`) VALUES (9, 'Margherita', 'Riccardo Cocciante canta \"Margherita\" (concerto al GranTeatro, 2002).', 'VIDEO', 'SONG', 'youtube', NULL, 'http://www.youtube.com/watch?v=YOiWNftto0s', NULL, 'Riccardo Cocciante', NULL, 'Italia', 'it_IT', NULL, NULL, 15008, 2358, NULL, NULL);
INSERT INTO `reminiscensdb`.`Contributed_Memento` (`contributed_memento_id`, `headline`, `text`, `type`, `category`, `source`, `source_url`, `resource_url`, `resource_thumbnail_url`, `author`, `collection`, `nationality`, `locale`, `haschcode`, `file_hashcode`, `fuzzy_startdate`, `location_start_id`, `fuzzy_enddate`, `location_end_id`) VALUES (10, 'Mia Martini', 'Mia Martini, pseudonimo di Domenica Rita Adriana Berté detta Mimì, è stata una cantautrice italiana.', 'TEXT', 'PEOPLE', 'wikipedia', 'http://it.wikipedia.org/wiki/Mia_Martini', 'http://upload.wikimedia.org/wikipedia/it/thumb/9/93/Mia_Martini_%2869%29.jpg/245px-Mia_Martini_%2869%29.jpg', NULL, NULL, NULL, 'Italia', 'it_IT', NULL, NULL, 15009, 2359, 15017, 2366);
INSERT INTO `reminiscensdb`.`Contributed_Memento` (`contributed_memento_id`, `headline`, `text`, `type`, `category`, `source`, `source_url`, `resource_url`, `resource_thumbnail_url`, `author`, `collection`, `nationality`, `locale`, `haschcode`, `file_hashcode`, `fuzzy_startdate`, `location_start_id`, `fuzzy_enddate`, `location_end_id`) VALUES (11, 'Minuetto', 'Bellissima canzone per una Mia Martini al culmine del suo successo negli anni \'70.', 'VIDEO', 'SONG', 'youtube', NULL, 'http://www.youtube.com/watch?v=BtG2rAj-5Xw', NULL, 'Mia Martini', NULL, 'Italia', 'it_IT', NULL, NULL, 15010, 2360, NULL, NULL);
INSERT INTO `reminiscensdb`.`Contributed_Memento` (`contributed_memento_id`, `headline`, `text`, `type`, `category`, `source`, `source_url`, `resource_url`, `resource_thumbnail_url`, `author`, `collection`, `nationality`, `locale`, `haschcode`, `file_hashcode`, `fuzzy_startdate`, `location_start_id`, `fuzzy_enddate`, `location_end_id`) VALUES (12, 'Gli uomini non cambiano', 'Mia Martini a Sanremo 1992', 'VIDEO', 'SONG', 'Youtube', NULL, 'http://www.youtube.com/watch?v=g1nrmqM0XWY', NULL, 'Mia Martini', NULL, 'Italia', 'it_IT', NULL, NULL, 15011, 2361, 15018, NULL);
INSERT INTO `reminiscensdb`.`Contributed_Memento` (`contributed_memento_id`, `headline`, `text`, `type`, `category`, `source`, `source_url`, `resource_url`, `resource_thumbnail_url`, `author`, `collection`, `nationality`, `locale`, `haschcode`, `file_hashcode`, `fuzzy_startdate`, `location_start_id`, `fuzzy_enddate`, `location_end_id`) VALUES (13, 'Festival di Sanremo 1992', 'Il quarantaduesimo Festival della Canzone Italiana si tenne a Sanremo dal 26 febbraio al 29 febbraio 1992.', 'TEXT', 'STORY', 'wikipedia', 'http://it.wikipedia.org/wiki/Festival_di_Sanremo_1992#Classifica.2C_canzoni_e_cantanti_-_Categoria_Campioni', 'http://www.donnamoderna.com/var/ezflow_site/storage/images/media/images/gossip/sanremo-fotostoria/festival-di-sanremo-1992-pierangelo-bertoli/8462951-1-ita-IT/Festival-di-Sanremo-1992-Pierangelo-Bertoli_avorigh.jpg', NULL, NULL, NULL, NULL, 'it_IT', NULL, NULL, 15012, 2362, 15019, NULL);
INSERT INTO `reminiscensdb`.`Contributed_Memento` (`contributed_memento_id`, `headline`, `text`, `type`, `category`, `source`, `source_url`, `resource_url`, `resource_thumbnail_url`, `author`, `collection`, `nationality`, `locale`, `haschcode`, `file_hashcode`, `fuzzy_startdate`, `location_start_id`, `fuzzy_enddate`, `location_end_id`) VALUES (14, 'Festival di Sanremo 2010', 'Il sessantesimo Festival della Canzone Italiana si è svolto a Sanremo al Teatro Ariston dal 16 febbraio al 20 febbraio 2010. Il Festival è stato presentato da Antonella Clerici, quarta donna a condurre la kermesse canora dopo Loretta Goggi, Raffaella Carrà e Simona Ventura.', 'TEXT', 'STORY', 'Wikipedia', 'http://it.wikipedia.org/wiki/Festival_di_Sanremo_2010', 'http://upload.wikimedia.org/wikipedia/it/thumb/6/6f/Sanremo-2010_logo.jpg/300px-Sanremo-2010_logo.jpg', NULL, NULL, NULL, 'Italia', 'it_IT', NULL, NULL, 15013, 2363, 15020, NULL);
INSERT INTO `reminiscensdb`.`Contributed_Memento` (`contributed_memento_id`, `headline`, `text`, `type`, `category`, `source`, `source_url`, `resource_url`, `resource_thumbnail_url`, `author`, `collection`, `nationality`, `locale`, `haschcode`, `file_hashcode`, `fuzzy_startdate`, `location_start_id`, `fuzzy_enddate`, `location_end_id`) VALUES (15, 'Fred Bongusto', 'Fred Bongusto, pseudonimo di Alfredo Antonio Carlo Buongusto, è un cantante italiano di musica leggera.', 'TEXT', 'PEOPLE', 'wikipedia', 'https://www.google.com/search?q=fred+bongusto+balliamo&rlz=1C1TEUA_enIT496IT496&oq=Fred+Bo&aqs=chrome.3.0j69i57j0l2.23793j0&sourceid=chrome&ie=UTF-8#fp=f17c6e1ea786650b&q=fred+bongusto', 'http://www.starscolor.com/images/fred-bongusto-02.jpg', NULL, NULL, NULL, 'Italia', 'it_IT', NULL, NULL, 15014, 2364, NULL, NULL);
INSERT INTO `reminiscensdb`.`Contributed_Memento` (`contributed_memento_id`, `headline`, `text`, `type`, `category`, `source`, `source_url`, `resource_url`, `resource_thumbnail_url`, `author`, `collection`, `nationality`, `locale`, `haschcode`, `file_hashcode`, `fuzzy_startdate`, `location_start_id`, `fuzzy_enddate`, `location_end_id`) VALUES (16, 'Una rotonda sul mare', 'versione degli anni 80 del cavallo di battaglia di fred bongusto - una rotonda sul mare', 'VIDEO', 'SONG', 'Youtube', NULL, 'https://www.youtube.com/watch?v=FYcMxmceJsw', NULL, NULL, NULL, 'Italia', 'it_IT', NULL, NULL, 15015, 2365, NULL, NULL);
