UPDATE `reminiscensdb`.`Public_Memento` SET `type`='Cantante', `resource_type`='IMAGE' WHERE `public_memento_id`='1551';
UPDATE `reminiscensdb`.`Public_Memento` SET `type`='CANTANTE', `resource_type`='IMAGE', `source`='Wikipedia' WHERE `public_memento_id`='1554';
UPDATE `reminiscensdb`.`Public_Memento` SET `type`='CANTANTE', `resource_type`='IMAGE' WHERE `public_memento_id`='1557';
UPDATE `reminiscensdb`.`Public_Memento` SET `type`='CANTANTE', `resource_type`='IMAGE' WHERE `public_memento_id`='1560';
UPDATE `reminiscensdb`.`Public_Memento` SET `type`='CANTANTE', `resource_type`='IMAGE' WHERE `public_memento_id`='1565';

INSERT INTO `reminiscensdb`.`Location` (`location_id`, `location_textual`, `country`, `region`, `city`, `locale`) VALUES ('2400', '-Napoli(Campania),Italia', 'Italia', 'Campania', 'Napoli', 'it_IT');
INSERT INTO `reminiscensdb`.`Location` (`location_id`, `location_textual`, `country`, `region`, `city`, `locale`) VALUES ('2401', '-Roma(Lazio),Italia', 'Italia', 'Lazio', 'Roma', 'it_IT');
INSERT INTO `reminiscensdb`.`Location` (`location_id`, `location_textual`, `country`, `locale`) VALUES ('2402', '-(),Italia', 'Italia', 'it_IT');
INSERT INTO `reminiscensdb`.`Location` (`location_id`, `location_textual`, `country`, `locale`) VALUES ('2403', '-(),Italia', 'Italia', 'it_IT');
INSERT INTO `reminiscensdb`.`Location` (`location_id`, `location_textual`, `country`, `region`, `city`, `locale`) VALUES ('2404', '-Modena( Emilia-Romagna),Italia', 'Italia', 'Emilia-Romagna', 'Modena', 'it_IT');
INSERT INTO `reminiscensdb`.`Location` (`location_id`, `location_textual`, `name`, `country`, `region`, `city`, `locale`) VALUES ('2405', 'Stadio Olimpico-Torino(Piemonte),Italia', 'Stadio Olimpico', 'Italia', 'Piemonte', 'Torino', 'it_IT');
INSERT INTO `reminiscensdb`.`Location` (`location_id`, `location_textual`, `country`, `locale`) VALUES ('2406', '-(),Italia', 'Italia', 'it_IT');
INSERT INTO `reminiscensdb`.`Location` (`location_id`, `location_textual`, `name`, `country`, `region`, `city`, `locale`) VALUES ('2407', 'RAI-Milan(Lombardia),Italia', 'RAI', 'Italia', 'Lombardia', 'Milan', 'it_IT');
INSERT INTO `reminiscensdb`.`Location` (`location_id`, `location_textual`, `name`, `country`, `region`, `city`, `locale`) VALUES ('2408', 'RAI-Milan(Lombardia),Italia', 'RAI', 'Italia', 'Lombardia', 'Milan', 'it_IT');
INSERT INTO `reminiscensdb`.`Location` (`location_id`, `location_textual`, `country`, `locale`) VALUES ('2409', '-(),Stati Uniti', 'Stati Uniti', 'it_IT');
INSERT INTO `reminiscensdb`.`Location` (`location_id`, `location_textual`, `country`, `locale`) VALUES ('2410', '-(),Stati Uniti', 'Stati Uniti', 'it_IT');
INSERT INTO `reminiscensdb`.`Location` (`location_id`, `location_textual`, `country`, `locale`) VALUES ('2411', '-(),Stati Uniti', 'Stati Uniti', 'it_IT');
INSERT INTO `reminiscensdb`.`Location` (`location_id`, `location_textual`, `country`, `region`, `city`, `locale`) VALUES ('2412', '-Walworth(Wisconsin), Stati Uniti', 'Stati Uniti', 'Wisconsin', 'Walworth', 'it_IT');
INSERT INTO `reminiscensdb`.`Location` (`location_id`, `location_textual`, `country`, `locale`) VALUES ('2413', '-(),Stati Uniti', 'Stati Uniti', 'it_IT');
INSERT INTO `reminiscensdb`.`Location` (`location_id`, `location_textual`, `country`, `locale`) VALUES ('2414', '-(),Stati Uniti', 'Stati Uniti', 'it_IT');
INSERT INTO `reminiscensdb`.`Location` (`location_id`, `location_textual`, `name`, `country`, `region`, `city`, `locale`) VALUES ('2415', 'Cerrato Compagnia Cinematografica-Roma(Lazio),Italia', 'Cerrato Compagnia Cinematografica', 'Italia', 'Lazio', 'Roma', 'it_IT');
INSERT INTO `reminiscensdb`.`Location` (`location_id`, `location_textual`, `name`, `country`, `region`, `city`, `locale`) VALUES ('2416', 'Cerrato Compagnia Cinematografica-Roma(Lazio),Italia', 'Cerrato Compagnia Cinematografica', 'Italia', 'Lazio', 'Roma', 'it_IT');
INSERT INTO `reminiscensdb`.`Location` (`location_id`, `location_textual`, `name`, `country`, `region`, `city`, `locale`) VALUES ('2417', 'cerrato Compagnia Cinematografica-Roma(Lazio),Italia', 'cerrato Compagnia Cinematografica', 'Italia', 'Lazio', 'Roma', 'it_IT');
INSERT INTO `reminiscensdb`.`Location` (`location_id`, `location_textual`, `country`, `locale`) VALUES ('2418', '-(),Italia', 'Italia', 'it_IT');
INSERT INTO `reminiscensdb`.`Location` (`location_id`, `location_textual`, `country`, `locale`) VALUES ('2419', '-(),Italia', 'Italia', 'it_IT');
INSERT INTO `reminiscensdb`.`Location` (`location_id`, `location_textual`, `country`, `locale`) VALUES ('2420', '-(),Italia', 'Italia', 'it_IT');
INSERT INTO `reminiscensdb`.`Location` (`location_id`, `location_textual`, `country`, `region`, `city`, `locale`) VALUES ('2421', '-Genova(Liguria),Italia', 'Italia', 'Liguria', 'Genova', 'it_IT');
INSERT INTO `reminiscensdb`.`Location` (`location_id`, `location_textual`, `country`, `locale`) VALUES ('2422', '-(),Italia', 'Italia', 'it_IT');
INSERT INTO `reminiscensdb`.`Location` (`location_id`, `location_textual`, `country`, `locale`) VALUES ('2423', '-(),Italia', 'Italia', 'it_IT');
INSERT INTO `reminiscensdb`.`Location` (`location_id`, `location_textual`, `country`, `region`, `city`, `locale`) VALUES ('2424', '-Verona(Veneto),Italia', 'Italia', 'Veneto', 'Verona', 'it_IT');
INSERT INTO `reminiscensdb`.`Location` (`location_id`, `location_textual`, `country`, `locale`) VALUES ('2425', '-(),Italia', 'Italia', 'it_IT');
INSERT INTO `reminiscensdb`.`Location` (`location_id`, `location_textual`, `country`, `locale`) VALUES ('2426', '-(),Italia', 'Italia', 'it_IT');
INSERT INTO `reminiscensdb`.`Location` (`location_id`, `location_textual`, `country`, `region`, `city`, `locale`) VALUES ('2427', '-Napoli(Campania),Italia', 'Italia', 'Campania', 'Napoli', 'it_IT');
INSERT INTO `reminiscensdb`.`Location` (`location_id`, `location_textual`, `country`, `locale`) VALUES ('2428', '-(),Italia', 'Italia', 'it_IT');
INSERT INTO `reminiscensdb`.`Location` (`location_id`, `location_textual`, `country`, `region`, `city`, `locale`) VALUES ('2429', '-Roma(Lazio),Italia', 'Italia', 'Lazio', 'Roma', 'it_IT');
INSERT INTO `reminiscensdb`.`Location` (`location_id`, `location_textual`, `name`, `country`, `region`, `city`, `locale`) VALUES ('2430', 'Teatro Ariston-Sanremo(Liguria),Italia', 'Teatro Ariston', 'Italia', 'Liguria', 'Sanremo', 'it_IT');
INSERT INTO `reminiscensdb`.`Location` (`location_id`, `location_textual`, `name`, `country`, `region`, `city`, `locale`) VALUES ('2431', 'RAI-Milan(Lombardia),Italia', 'RAI', 'Italia', 'Lombardia', 'Milan', 'it_IT');
INSERT INTO `reminiscensdb`.`Location` (`location_id`, `location_textual`, `country`, `region`, `city`, `locale`) VALUES ('2432', '-Roma(Lazio),Italia', 'Italia', 'Lazio', 'Roma', 'it_IT');
INSERT INTO `reminiscensdb`.`Location` (`location_id`, `location_textual`, `name`, `country`, `region`, `city`, `locale`) VALUES ('2433', 'teatro Ariston-Sanremo(Liguria),Italia', 'Teatro Ariston', 'Italia', 'Liguria', 'Sanremo', 'it_IT');
INSERT INTO `reminiscensdb`.`Location` (`location_id`, `location_textual`, `country`, `locale`) VALUES ('2434', '-(),Italia', 'Italia', 'it_IT');
INSERT INTO `reminiscensdb`.`Location` (`location_id`, `location_textual`, `country`, `region`, `city`, `locale`) VALUES ('2435', '-Verona(Veneto),Italia', 'Italia', 'Veneto', 'Verona', 'it_IT');
INSERT INTO `reminiscensdb`.`Location` (`location_id`, `location_textual`, `country`, `region`, `city`, `locale`) VALUES ('2436', 'Trento(Trentino-Alto Adige)', 'Italia', 'Trentino-Alto Adige', 'Trento', 'it_IT');


INSERT INTO `reminiscensdb`.`Fuzzy_Date` (`fuzzy_date_id`, `textual_date`, `decade`, `year`, `accuracy`, `locale`) VALUES ('15200', '00/00/1973', '1970', '1973', '2', 'it_IT');
INSERT INTO `reminiscensdb`.`Fuzzy_Date` (`fuzzy_date_id`, `textual_date`, `decade`, `year`, `month`, `day`, `accuracy`, `locale`) VALUES ('15201', '27/09/1966', '1960', '1966', '9', '27', '4', 'it_IT');
INSERT INTO `reminiscensdb`.`Fuzzy_Date` (`fuzzy_date_id`, `textual_date`, `decade`, `year`, `month`, `day`, `accuracy`, `locale`) VALUES ('15202', '05/07/2013', '2010', '2013', '7', '5', '4', 'it_IT');
INSERT INTO `reminiscensdb`.`Fuzzy_Date` (`fuzzy_date_id`, `textual_date`, `decade`, `year`, `month`, `day`, `accuracy`, `locale`) VALUES ('15203', '05/04/2013', '2010', '2013', '4', '5', '4', 'it_IT');
INSERT INTO `reminiscensdb`.`Fuzzy_Date` (`fuzzy_date_id`, `textual_date`, `decade`, `year`, `month`, `day`, `accuracy`, `locale`) VALUES ('15204', '12/10/1935', '1930', '1935', '10', '12', '4', 'it_IT');
INSERT INTO `reminiscensdb`.`Fuzzy_Date` (`fuzzy_date_id`, `textual_date`, `decade`, `year`, `month`, `day`, `accuracy`, `locale`) VALUES ('15205', '10/02/2006', '2000', '2006', '2', '10', '4', 'it_IT');
INSERT INTO `reminiscensdb`.`Fuzzy_Date` (`fuzzy_date_id`, `textual_date`, `decade`, `year`, `accuracy`, `locale`) VALUES ('15206', '00/00/1998', '1990', '1998', '2', 'it_IT');
INSERT INTO `reminiscensdb`.`Fuzzy_Date` (`fuzzy_date_id`, `textual_date`, `decade`, `year`, `month`, `day`, `accuracy`, `locale`) VALUES ('15207', '21/01/1968', '1960', '1968', '1', '21', '4', 'it_IT');
INSERT INTO `reminiscensdb`.`Fuzzy_Date` (`fuzzy_date_id`, `textual_date`, `decade`, `year`, `accuracy`, `locale`) VALUES ('15208', '00/00/1973', '1970', '1973', '2', 'it_IT');
INSERT INTO `reminiscensdb`.`Fuzzy_Date` (`fuzzy_date_id`, `textual_date`, `decade`, `year`, `accuracy`, `locale`) VALUES ('15209', '00/00/1921', '1920', '1921', '2', 'it_IT');
INSERT INTO `reminiscensdb`.`Fuzzy_Date` (`fuzzy_date_id`, `textual_date`, `decade`, `year`, `accuracy`, `locale`) VALUES ('15210', '00/00/1932', '1930', '1932', '2', 'it_IT');
INSERT INTO `reminiscensdb`.`Fuzzy_Date` (`fuzzy_date_id`, `textual_date`, `decade`, `year`, `accuracy`, `locale`) VALUES ('15211', '00/00/1934', '1930', '1934', '2', 'it_IT');
INSERT INTO `reminiscensdb`.`Fuzzy_Date` (`fuzzy_date_id`, `textual_date`, `decade`, `year`, `month`, `day`, `accuracy`, `locale`) VALUES ('15212', '19/04/1889', '1880', '1889', '4', '19', '4', 'it_IT');
INSERT INTO `reminiscensdb`.`Fuzzy_Date` (`fuzzy_date_id`, `textual_date`, `decade`, `year`, `accuracy`, `locale`) VALUES ('15213', '00/00/1940', '1940', '1940', '2', 'it_IT');
INSERT INTO `reminiscensdb`.`Fuzzy_Date` (`fuzzy_date_id`, `textual_date`, `decade`, `year`, `accuracy`, `locale`) VALUES ('15214', '00/00/1915', '1910', '1915', '2', 'it_IT');
INSERT INTO `reminiscensdb`.`Fuzzy_Date` (`fuzzy_date_id`, `textual_date`, `decade`, `year`, `accuracy`, `locale`) VALUES ('15215', '00/00/1988', '1980', '1988', '2', 'it_IT');
INSERT INTO `reminiscensdb`.`Fuzzy_Date` (`fuzzy_date_id`, `textual_date`, `decade`, `year`, `accuracy`, `locale`) VALUES ('15216', '00/00/1978', '1970', '1978', '2', 'it_IT');
INSERT INTO `reminiscensdb`.`Fuzzy_Date` (`fuzzy_date_id`, `textual_date`, `decade`, `year`, `accuracy`, `locale`) VALUES ('15217', '00/00/1978', '1970', '1978', '2', 'it_IT');
INSERT INTO `reminiscensdb`.`Fuzzy_Date` (`fuzzy_date_id`, `textual_date`, `decade`, `year`, `accuracy`, `locale`) VALUES ('15218', '00/00/1954', '1950', '1954', '2', 'it_IT');
INSERT INTO `reminiscensdb`.`Fuzzy_Date` (`fuzzy_date_id`, `textual_date`, `decade`, `year`, `accuracy`, `locale`) VALUES ('15219', '00/00/1974', '1970', '1974', '2', 'it_IT');
INSERT INTO `reminiscensdb`.`Fuzzy_Date` (`fuzzy_date_id`, `textual_date`, `decade`, `year`, `month`, `day`, `accuracy`, `locale`) VALUES ('15220', '27/03/1968', '1960', '1968', '3', '27', '4', 'it_IT');
INSERT INTO `reminiscensdb`.`Fuzzy_Date` (`fuzzy_date_id`, `textual_date`, `decade`, `year`, `month`, `day`, `accuracy`, `locale`) VALUES ('15221', '30/12/1932', '1930', '1932', '12', '30', '4', 'it_IT');
INSERT INTO `reminiscensdb`.`Fuzzy_Date` (`fuzzy_date_id`, `textual_date`, `decade`, `year`, `accuracy`, `locale`) VALUES ('15222', '00/00/1980', '1980', '1980', '2', 'it_IT');
INSERT INTO `reminiscensdb`.`Fuzzy_Date` (`fuzzy_date_id`, `textual_date`, `decade`, `year`, `month`, `day`, `accuracy`, `locale`) VALUES ('15223', '10/01/1970', '1970', '1970', '1', '10', '4', 'it_IT');
INSERT INTO `reminiscensdb`.`Fuzzy_Date` (`fuzzy_date_id`, `textual_date`, `decade`, `year`, `month`, `day`, `accuracy`, `locale`) VALUES ('15224', '08/03/1924', '1920', '1924', '3', '8', '4', 'it_IT');
INSERT INTO `reminiscensdb`.`Fuzzy_Date` (`fuzzy_date_id`, `textual_date`, `decade`, `year`, `month`, `day`, `accuracy`, `locale`) VALUES ('15225', '04/01/1952', '1950', '1952', '1', '4', '4', 'it_IT');
INSERT INTO `reminiscensdb`.`Fuzzy_Date` (`fuzzy_date_id`, `textual_date`, `decade`, `year`, `accuracy`, `locale`) VALUES ('15226', '00/00/1963', '1960', '1963', '2', 'it_IT');
INSERT INTO `reminiscensdb`.`Fuzzy_Date` (`fuzzy_date_id`, `textual_date`, `decade`, `year`, `month`, `day`, `accuracy`, `locale`) VALUES ('15227', '25/11/1932', '1930', '1932', '11', '25', '4', 'it_IT');
INSERT INTO `reminiscensdb`.`Fuzzy_Date` (`fuzzy_date_id`, `decade`, `year`, `accuracy`, `locale`) VALUES ('15228', '1970', '1973', '2', 'it_IT');
INSERT INTO `reminiscensdb`.`Fuzzy_Date` (`fuzzy_date_id`, `textual_date`, `decade`, `year`, `month`, `day`, `accuracy`, `locale`) VALUES ('15229', '15/06/1920', '1920', '1920', '6', '15', '4', 'it_IT');
INSERT INTO `reminiscensdb`.`Fuzzy_Date` (`fuzzy_date_id`, `textual_date`, `decade`, `year`, `month`, `day`, `accuracy`, `locale`) VALUES ('15230', '05/02/1981', '1980', '1981', '2', '5', '4', 'it_IT');
INSERT INTO `reminiscensdb`.`Fuzzy_Date` (`fuzzy_date_id`, `textual_date`, `decade`, `year`, `accuracy`, `locale`) VALUES ('15231', '00/00/1949', '1940', '1949', '2', 'it_IT');
INSERT INTO `reminiscensdb`.`Fuzzy_Date` (`fuzzy_date_id`, `textual_date`, `decade`, `year`, `month`, `day`, `accuracy`, `locale`) VALUES ('15232', '29/09/1950', '1950', '1950', '9', '29', '4', 'it_IT');
INSERT INTO `reminiscensdb`.`Fuzzy_Date` (`fuzzy_date_id`, `textual_date`, `decade`, `year`, `month`, `day`, `accuracy`, `locale`) VALUES ('15233', '05/02/1981', '1980', '1981', '2', '5', '4', 'it_IT');
INSERT INTO `reminiscensdb`.`Fuzzy_Date` (`fuzzy_date_id`, `textual_date`, `decade`, `year`, `accuracy`, `locale`) VALUES ('15234', '00/00/1925', '1920', '1925', '2', 'it_IT');
INSERT INTO `reminiscensdb`.`Fuzzy_Date` (`fuzzy_date_id`, `textual_date`, `exact_date`, `decade`, `year`, `month`, `day`, `accuracy`, `locale`) VALUES ('15235', '20 December 1947', '1947-12-20', '1940', '1947', '12', '20', '4', 'it_IT');
INSERT INTO `reminiscensdb`.`Fuzzy_Date` (`fuzzy_date_id`, `textual_date`, `decade`, `year`, `accuracy`, `locale`) VALUES ('15236', '00/00/1940', '1940', '1940', '2', 'it_IT');
INSERT INTO `reminiscensdb`.`Fuzzy_Date` (`fuzzy_date_id`, `decade`, `year`, `month`, `day`, `accuracy`, `locale`) VALUES ('15237', '2000', '2007', '9', '6', '4', 'it_IT');
INSERT INTO `reminiscensdb`.`Fuzzy_Date` (`fuzzy_date_id`, `decade`, `year`, `accuracy`, `locale`) VALUES ('15238', '1970', '1978', '2', 'it_IT');
INSERT INTO `reminiscensdb`.`Fuzzy_Date` (`fuzzy_date_id`, `decade`, `year`, `month`, `day`, `accuracy`, `locale`) VALUES ('15239', '1970', '1977', '12', '25', '4', 'it_IT');
INSERT INTO `reminiscensdb`.`Fuzzy_Date` (`fuzzy_date_id`, `decade`, `year`, `accuracy`, `locale`) VALUES ('15240', '2000', '2007', '2', 'it_IT');
INSERT INTO `reminiscensdb`.`Fuzzy_Date` (`fuzzy_date_id`, `decade`, `year`, `accuracy`, `locale`) VALUES ('15241', '1992', '1992', '2', 'it_IT');
INSERT INTO `reminiscensdb`.`Fuzzy_Date` (`fuzzy_date_id`, `decade`, `year`, `month`, `day`, `accuracy`, `locale`) VALUES ('15242', '1991', '1991', '12', '20', '4', 'it_IT');
INSERT INTO `reminiscensdb`.`Fuzzy_Date` (`fuzzy_date_id`, `decade`, `year`, `month`, `day`, `accuracy`, `locale`) VALUES ('15243', '1979', '1979', '12', '3', '4', 'it_IT');
INSERT INTO `reminiscensdb`.`Fuzzy_Date` (`fuzzy_date_id`, `decade`, `year`, `month`, `day`, `accuracy`, `locale`) VALUES ('15244', '2000', '2003', '2', '24', '4', 'it_IT');


INSERT INTO `reminiscensdb`.`Public_Memento` (`public_memento_id`, `headline`, `text`, `type`, `resource_type`, `category`, `source`, `resource_url`, `author`, `nationality`, `locale`, `contributor_type`, `creation_date`, `last_update`, `fuzzy_startdate`, `location_start_id`) VALUES ('4700', 'Tre settimane da raccontare', 'Fred Bongusto - Tre settimane da raccontare (1973)', 'MUSICA', 'VIDEO', 'SONG', 'youtube', 'http://www.youtube.com/watch?v=KKOR1XxFJOk', 'Fred Bongusto', 'italia', 'it_IT', 'EXTERNAL', '2013-08-28', '2013-08-28', '15200', '2400');
INSERT INTO `reminiscensdb`.`Public_Memento` (`public_memento_id`, `headline`, `text`, `type`, `resource_type`, `category`, `source`, `source_url`, `resource_url`, `nationality`, `locale`, `contributor_type`, `creation_date`, `last_update`, `fuzzy_startdate`, `location_start_id`) VALUES ('4701', 'Jovanotti', 'Jovanotti, nome d\'arte di Lorenzo Costantino Cherubini, è un cantautore, rapper e disc jockey italiano. Diventa famoso alla fine degli anni ottanta, lanciato da Claudio Cecchetto', 'CANTANTE', 'TEXT', 'PEOPLE', 'Wikipedia', 'http://it.wikipedia.org/wiki/Jovanotti', 'http://upload.wikimedia.org/wikipedia/commons/thumb/9/9d/Jovanotti_cropped.jpg/220px-Jovanotti_cropped.jpg', 'Italia', 'It_IT', 'EXTERNAL', '2013-08-28', '2013-08-28', '15201', '2401');
INSERT INTO `reminiscensdb`.`Public_Memento` (`public_memento_id`, `headline`, `text`, `type`, `resource_type`, `category`, `source`, `resource_url`, `author`, `nationality`, `locale`, `contributor_type`, `creation_date`, `last_update`, `fuzzy_startdate`, `location_start_id`) VALUES ('4702', 'Estate', 'Estate è il quarto singolo di Jovanotti estratto dalla raccolta Backup - Lorenzo 1987-2012,entrato nelle stazioni radiofoniche il 5 luglio 2013', 'MUSICA', 'VIDEO', 'SONG', 'youtube', 'http://www.youtube.com/watch?v=nnTXpoc5VlU', 'Jovanotti', 'italia', 'it_IT', 'EXTERNAL', '2013-08-28', '2013-08-28', '15202', '2402');
INSERT INTO `reminiscensdb`.`Public_Memento` (`public_memento_id`, `headline`, `text`, `type`, `resource_type`, `category`, `source`, `resource_url`, `author`, `nationality`, `locale`, `contributor_type`, `creation_date`, `last_update`, `fuzzy_startdate`, `location_start_id`) VALUES ('4703', 'Ti porto via con me', 'Ti porto via con me è un singolo del cantante Jovanotti, il secondo estratto dall\'album Backup - Lorenzo 1987-2012 dopo Tensione evolutiva. Esiste sia una versione del rapper da solista, sia una con il dj Benny Benassi. Il video ufficiale è stato caricato su YouTube dallo stesso Jovanotti il 9 giugno 2013 ed è stato certificato disco di platino per le oltre 30.000 copie vendute.', 'MUSICA', 'VIDEO', 'SONG', 'youtube', 'http://www.youtube.com/watch?v=x117CurlaB0', 'Jovanotti', 'italia', 'it_IT', 'EXTERNAL', '2013-08-28', '2013-08-28', '15203', '2403');
INSERT INTO `reminiscensdb`.`Public_Memento` (`public_memento_id`, `headline`, `text`, `type`, `resource_type`, `category`, `source`, `source_url`, `resource_url`, `nationality`, `locale`, `contributor_type`, `creation_date`, `last_update`, `fuzzy_startdate`, `location_start_id`, `fuzzy_enddate`) VALUES ('4704', 'Luciano Pavarotti', 'Luciano Pavarotti è stato un tenore italiano. È stato tra gli artisti italiani più apprezzati in tutto il mondo grazie alle sua voce, intensa e squillante, nonché per la sua particolare simpatia e comunicatività.', 'CANTANTE', 'TEXT', 'PEOPLE', 'Wikipedia', 'https://www.google.com/url?sa=t&rct=j&q=&esrc=s&source=web&cd=20&cad=rja&ved=0CLYBEJoTKAAwEw&url=http%3A%2F%2Fit.wikipedia.org%2Fwiki%2FLuciano_Pavarotti&ei=Jt4ZUvzNNu-Q4gSt8oCwCg&usg=AFQjCNHDptbjQkChfh2VtYY0mj0SA4RgNw&sig2=V9PiDZtAXH5ZONqUXrqC6w&bvm=bv.51156542,d.bGE', 'http://upload.wikimedia.org/wikipedia/commons/thumb/8/84/Luciano_Pavarotti_15.06.02_cropped2_%28squared%29.jpg/250px-Luciano_Pavarotti_15.06.02_cropped2_%28squared%29.jpg', 'italia', 'it_IT', 'EXTERNAL', '2013-08-28', '2013-08-28', '15204', '2404', '15237');
INSERT INTO `reminiscensdb`.`Public_Memento` (`public_memento_id`, `headline`, `text`, `type`, `resource_type`, `category`, `source`, `resource_url`, `author`, `nationality`, `locale`, `contributor_type`, `creation_date`, `last_update`, `fuzzy_startdate`, `location_start_id`) VALUES ('4705', 'Nessun Dorma', 'l\'ultima esibizione del grande Luciano Pavarotti allo stadio olimpico di Torino è lui a chiudere la cerimonia di apertura dei giochi invernali con il \"nessun dorma\".', 'MUSICA', 'VIDEO', 'SONG', 'youtube', 'http://www.youtube.com/watch?v=O0Sx5lbVlQA', 'Luciano Pavarotti', 'italia', 'it_IT', 'EXTERNAL', '2013-08-28', '2013-08-28', '15205', '2405');
INSERT INTO `reminiscensdb`.`Public_Memento` (`public_memento_id`, `headline`, `text`, `type`, `resource_type`, `category`, `source`, `resource_url`, `author`, `nationality`, `locale`, `contributor_type`, `creation_date`, `last_update`, `fuzzy_startdate`, `location_start_id`) VALUES ('4706', 'Caruso', 'Caruso è una canzone del cantautore bolognese Lucio Dalla, incisa nel 1986. È tratta dall\'album live DallAmeriCaruso. Presentata per la prima volta alla Rassegna San Martino Arte di San Martino Valle Caudina', 'MUSICA', 'VIDEO', 'SONG', 'youtube', 'http://www.youtube.com/watch?v=l_m725Oxw-A', 'Luciano Pavarotti', 'italia', 'it_IT', 'EXTERNAL', '2013-08-28', '2013-08-28', '15206', '2406');
INSERT INTO `reminiscensdb`.`Public_Memento` (`public_memento_id`, `headline`, `text`, `type`, `resource_type`, `category`, `source`, `source_url`, `resource_url`, `nationality`, `locale`, `contributor_type`, `creation_date`, `last_update`, `fuzzy_startdate`, `location_start_id`, `fuzzy_enddate`) VALUES ('4707', 'Cochi e Renato', 'Cochi e Renato è un duo comico formato negli anni sessanta da Renato Pozzetto e Cochi Ponzoni. Il duo debuttò nel 1965 al Derby di Milano, creando un genere di comicità originale, poetico e surreale al tempo stesso. Dal successo al Derby il duo giunse alla RAI, partecipando a trasmissioni con grande seguito di pubblico come Canzonissima (1974). Entrate nella cultura popolare italiana alcune loro canzoni, come La gallina, Canzone intelligente e E la vita, la vita, e soprattutto la loro personalissima interpretazione di Come porti i capelli bella bionda.', 'comico', 'TEXT', 'TV', 'Wikipedia', 'http://it.wikipedia.org/wiki/Cochi_e_Renato', 'http://upload.wikimedia.org/wikipedia/it/thumb/5/56/JannacciCochiRenato.jpg/219px-JannacciCochiRenato.jpg', 'italia', 'it_IT', 'EXTERNAL', '2013-08-28', '2013-08-28', '15207', '2407', '15238');
INSERT INTO `reminiscensdb`.`Public_Memento` (`public_memento_id`, `headline`, `text`, `type`, `resource_type`, `category`, `source`, `resource_url`, `author`, `nationality`, `locale`, `contributor_type`, `creation_date`, `last_update`, `fuzzy_startdate`, `location_start_id`) VALUES ('4708', 'Canzone Intelligente', 'La Canzone Intelligente, forse il loro pezzo più famoso', 'musica', 'VIDEO', 'TV', 'youtube', 'http://www.youtube.com/watch?v=DpvG_0ve36M', 'Cochi e Renato', 'italia', 'it_IT', 'EXTERNAL', '2013-08-28', '2013-08-28', '15208', '2408');
INSERT INTO `reminiscensdb`.`Public_Memento` (`public_memento_id`, `headline`, `text`, `type`, `resource_type`, `category`, `source`, `source_url`, `resource_url`, `nationality`, `locale`, `contributor_type`, `creation_date`, `last_update`, `fuzzy_startdate`, `location_start_id`) VALUES ('4709', 'Stanlio e Ollio', 'Stanlio e Ollio, in inglese Laurel & Hardy, è stato un famoso duo comico interprete del cinema slapstick, composto da Stan Laurel (soprannominato Stanlio in italiano e Stan in inglese) e Oliver Hardy (Ollio in italiano, in inglese Oliver, Ollie o Babe come si racconta fosse stato per la prima volta soprannominato dal suo barbiere)', 'comico', 'TEXT', 'TV', 'wikipedia', 'http://it.wikipedia.org/wiki/Stanlio_e_Ollio', 'http://upload.wikimedia.org/wikipedia/commons/thumb/5/5d/Stannie_Dum_and_Ollie_Dee.jpg/280px-Stannie_Dum_and_Ollie_Dee.jpg', 'Stati Uniti', 'it_IT', 'EXTERNAL', '2013-08-28', '2013-08-28', '15209', '2409');
INSERT INTO `reminiscensdb`.`Public_Memento` (`public_memento_id`, `headline`, `text`, `type`, `resource_type`, `category`, `source`, `resource_url`, `author`, `nationality`, `locale`, `contributor_type`, `creation_date`, `last_update`, `fuzzy_startdate`, `location_start_id`) VALUES ('4710', 'Un\'idea geniale', 'Un\'idea geniale - Noi e il piccolo Slim - Noi e il pupo (Their first mistake)è un cortometraggio del 1932 diretto da George Marshall con Stanlio e Ollio. Durata 21 minuti a colori doppiato da Franco Latini e Carlo Croccolo.', 'cortometraggio', 'VIDEO', 'TV', 'youtube', 'http://www.youtube.com/watch?v=ZEBQk_YNM2o', 'Stanlio e Ollio', 'stati Uniti', 'it_IT', 'EXTERNAL', '2013-08-28', '2013-08-28', '15210', '2410');
INSERT INTO `reminiscensdb`.`Public_Memento` (`public_memento_id`, `headline`, `text`, `type`, `resource_type`, `category`, `source`, `resource_url`, `author`, `nationality`, `locale`, `contributor_type`, `creation_date`, `last_update`, `fuzzy_startdate`, `location_start_id`) VALUES ('4711', 'Vita in campagna', 'Vita in campagna - Vita di campagna (Them Thar Hills) è un cortometraggio del 1934 diretto da Charley Rogers e interpretato da Stanlio & Ollio.Durata 20 minuti a colori doppiato da Carlo Croccolo e Franco Latini', 'cortometraggio', 'VIDEO', 'TV', 'youtube', 'http://www.youtube.com/watch?v=0z66OsvkVHc', 'Stanlio e Ollio', 'Stati Uniti', 'it_IT', 'EXTERNAL', '2013-08-28', '2013-08-28', '15211', '2411');
INSERT INTO `reminiscensdb`.`Public_Memento` (`public_memento_id`, `headline`, `text`, `type`, `resource_type`, `category`, `source`, `source_url`, `resource_url`, `nationality`, `locale`, `contributor_type`, `creation_date`, `last_update`, `fuzzy_startdate`, `location_start_id`, `fuzzy_enddate`) VALUES ('4712', 'Charlie Chaplin', 'Sir Charles Spencer Chaplin, noto come Charlie Chaplin, è stato un attore, regista, sceneggiatore, comico, compositore e produttore britannico, autore di oltre novanta film e tra i più importanti e influenti cineasti del XX secolo', 'attore', 'TEXT', 'TV', 'wikipedia', 'https://www.google.com/url?sa=t&rct=j&q=&esrc=s&source=web&cd=19&cad=rja&ved=0CLQBEJoTKAAwEg&url=http%3A%2F%2Fit.wikipedia.org%2Fwiki%2FCharlie_Chaplin&ei=Jz8aUqfKN6_14QSa9YHABQ&usg=AFQjCNHyrV45-OzLEsef15Mp2wQySWFzMg&sig2=bKC0l9mkKsuSC5KQegFZRQ&bvm=bv.51156542,d.bGE', 'http://upload.wikimedia.org/wikipedia/commons/thumb/0/00/Charlie_Chaplin.jpg/220px-Charlie_Chaplin.jpg', 'Stati Uniti', 'It_IT', 'EXTERNAL', '2013-08-28', '2013-08-28', '15212', '2412', '15239');
INSERT INTO `reminiscensdb`.`Public_Memento` (`public_memento_id`, `headline`, `text`, `type`, `resource_type`, `category`, `source`, `resource_url`, `author`, `nationality`, `locale`, `contributor_type`, `creation_date`, `last_update`, `fuzzy_startdate`, `location_start_id`) VALUES ('4713', 'Discorso all\'Umanità', 'tratto da \"Il grande dittatore\" di Charlie Chaplin', 'discorso', 'VIDEO', 'TV', 'youtube', 'http://www.youtube.com/watch?v=kvYT0cY7zzY', 'Charlie Chaplin', 'Stati Uniti', 'It_IT', 'EXTERNAL', '2013-08-28', '2013-08-28', '15213', '2413');
INSERT INTO `reminiscensdb`.`Public_Memento` (`public_memento_id`, `headline`, `text`, `type`, `resource_type`, `category`, `source`, `resource_url`, `author`, `nationality`, `locale`, `contributor_type`, `creation_date`, `last_update`, `fuzzy_startdate`, `location_start_id`) VALUES ('4714', 'CHARLOT e il Sosia', 'Una delle prime comiche di Charlie Chaplin, distribuite anche sul passo ridotto Pathe Baby 9, 5 mm. CHARLOT si ritorva in una festa mascherarta dove il padrone di casa è il suo sosia.', 'scena', 'VIDEO', 'TV', 'youtube', 'http://www.youtube.com/watch?v=6suu58RYIdY', 'Charlie Chaplin', 'Stati Uniti', 'It_IT', 'EXTERNAL', '2013-08-28', '2013-08-28', '15214', '2414');
INSERT INTO `reminiscensdb`.`Public_Memento` (`public_memento_id`, `headline`, `text`, `type`, `resource_type`, `category`, `source`, `source_url`, `resource_url`, `nationality`, `locale`, `contributor_type`, `creation_date`, `last_update`, `fuzzy_startdate`, `location_start_id`, `fuzzy_enddate`) VALUES ('4715', 'Casa Vianello', 'Casa Vianello è stata la sit-com più famosa e longeva prodotta dalla televisione italiana, trasmessa sulle reti Mediaset dal 1988 al 2007, ambientata nell\'immaginario appartamento dei coniugi Sandra Mondaini e Raimondo Vianello.', 'programma tv', 'TEXT', 'TV', 'wikipedia', 'http://it.wikipedia.org/wiki/Casa_Vianello', 'http://upload.wikimedia.org/wikipedia/it/thumb/c/c1/Casa_Vianello.JPG/280px-Casa_Vianello.JPG', 'Italia', 'It_IT', 'EXTERNAL', '2013-08-28', '2013-08-28', '15215', '2415', '15240');
INSERT INTO `reminiscensdb`.`Public_Memento` (`public_memento_id`, `headline`, `text`, `type`, `resource_type`, `category`, `source`, `resource_url`, `author`, `nationality`, `locale`, `contributor_type`, `creation_date`, `last_update`, `fuzzy_startdate`, `location_start_id`) VALUES ('4716', 'sketch sull\'educazione sessuale', 'Sandra Mondaini e Raimondo Vianello - sketch sull\'educazione sessuale', 'sketch', 'VIDEO', 'TV', 'youtube', 'https://www.youtube.com/watch?v=_pAq5fDVKa0', 'Sandra Mondaini e Raimondo Vianello.', 'italia', 'It_IT', 'EXTERNAL', '2013-08-28', '2013-08-28', '15216', '2416');
INSERT INTO `reminiscensdb`.`Public_Memento` (`public_memento_id`, `headline`, `text`, `type`, `resource_type`, `category`, `source`, `resource_url`, `author`, `nationality`, `locale`, `contributor_type`, `creation_date`, `last_update`, `fuzzy_startdate`, `location_start_id`) VALUES ('4717', 'La straniera', 'Sandra Mondaini e Raimondo Vianello - La straniera (1978)', 'sketch', 'VIDEO', 'TV', 'youtube', 'https://www.youtube.com/watch?v=4CpNVacteh0', 'Sandra Mondaini e Raimondo Vianello.', 'italia', 'it_IT', 'EXTERNAL', '2013-08-28', '2013-08-28', '15217', '2417');
INSERT INTO `reminiscensdb`.`Public_Memento` (`public_memento_id`, `headline`, `text`, `type`, `resource_type`, `category`, `source`, `source_url`, `resource_url`, `nationality`, `locale`, `contributor_type`, `creation_date`, `last_update`, `fuzzy_startdate`, `location_start_id`, `fuzzy_enddate`) VALUES ('4718', 'Franco e Ciccio', 'Franco e Ciccio - ovvero Franco Franchi e Ciccio Ingrassia - è stato un duo comico italiano che ha goduto di particolare notorietà negli anni sessanta e settanta in Italia. I due attori hanno interpretato insieme 116 film, molti dei quali come protagonisti assoluti ed altri al fianco di attori come Totò, Domenico Modugno, Vittorio Gassman, Buster Keaton e Vincent Price.', 'comico', 'TEXT', 'TV', 'wikipedia', 'http://it.wikipedia.org/wiki/Franco_e_Ciccio', 'http://upload.wikimedia.org/wikipedia/it/thumb/a/ad/Gatto_e_Volpe.jpg/300px-Gatto_e_Volpe.jpg', 'italia', 'it_IT', 'EXTERNAL', '2013-08-28', '2013-08-28', '15218', '2418', '15241');
INSERT INTO `reminiscensdb`.`Public_Memento` (`public_memento_id`, `headline`, `text`, `type`, `resource_type`, `category`, `source`, `resource_url`, `author`, `nationality`, `locale`, `contributor_type`, `creation_date`, `last_update`, `fuzzy_startdate`, `location_start_id`) VALUES ('4719', 'Franco e Ciccio superstars', 'Franco e Ciccio superstars - Genere: commedia', 'comico', 'VIDEO', 'TV', 'youtube', 'https://www.youtube.com/watch?v=JYBCagABErs', 'Franco e Ciccio', 'italia', 'it_IT', 'EXTERNAL', '2013-08-28', '2013-08-28', '15219', '2419');
INSERT INTO `reminiscensdb`.`Public_Memento` (`public_memento_id`, `headline`, `text`, `type`, `resource_type`, `category`, `source`, `resource_url`, `author`, `nationality`, `locale`, `contributor_type`, `creation_date`, `last_update`, `fuzzy_startdate`, `location_start_id`) VALUES ('4720', 'L\'oro del mondo', 'L\' oro del Mondo è un film musicarello del 1968 diretto dal regista Aldo Grimaldi, con protagonisti Albano Carrisi e Romina Power', 'comico', 'VIDEO', 'TV', 'youtube', 'http://www.youtube.com/watch?v=x2_lK_A-fVw', 'Franco e Ciccio', 'italia', 'it_IT', 'EXTERNAL', '2013-08-28', '2013-08-28', '15220', '2420');
INSERT INTO `reminiscensdb`.`Public_Memento` (`public_memento_id`, `headline`, `text`, `type`, `resource_type`, `category`, `source`, `source_url`, `resource_url`, `nationality`, `locale`, `contributor_type`, `creation_date`, `last_update`, `fuzzy_startdate`, `location_start_id`) VALUES ('4721', 'Paolo Villaggio', 'Paolo Villaggio è un attore, scrittore, comico, conduttore televisivo e doppiatore italiano. Interprete televisivo e cinematografico di personaggi legati ad una comicità paradossale e grottesca', 'attore', 'IMAGE', 'TV', 'wikipedia', 'https://www.google.com/url?sa=t&rct=j&q=&esrc=s&source=web&cd=19&cad=rja&ved=0CLcBEJoTKAAwEg&url=http%3A%2F%2Fit.wikipedia.org%2Fwiki%2FPaolo_Villaggio&ei=hScbUti-GMas4AS5n4CoAg&usg=AFQjCNGsxrIrw9R3QGUqoeCZ5orRCgLyGg&sig2=15YDd435guXMgYkp4pjgnQ&bvm=bv.51156542,d.bGE', 'http://upload.wikimedia.org/wikipedia/commons/thumb/7/77/Paolo_Villaggio.jpg/220px-Paolo_Villaggio.jpg', 'italia', 'it_IT', 'EXTERNAL', '2013-08-28', '2013-08-28', '15221', '2421');
INSERT INTO `reminiscensdb`.`Public_Memento` (`public_memento_id`, `headline`, `text`, `type`, `resource_type`, `category`, `source`, `resource_url`, `nationality`, `locale`, `contributor_type`, `creation_date`, `last_update`, `fuzzy_startdate`, `location_start_id`) VALUES ('4722', 'Fantozzi contro tutti', 'Fantozzi contro tutti è un film del 1980 diretto da Neri Parenti e Paolo Villaggio. È il terzo capitolo della saga del ragioner Ugo Fantozzi, personaggio creato e interpretato da Paolo Villaggio', 'film', 'VIDEO', 'TV', 'youtube', 'http://www.youtube.com/watch?v=ZFzC2APPeyo', 'italia', 'it_IT', 'EXTERNAL', '2013-08-28', '2013-08-28', '15222', '2422');
INSERT INTO `reminiscensdb`.`Public_Memento` (`public_memento_id`, `headline`, `text`, `type`, `resource_type`, `category`, `source`, `resource_url`, `nationality`, `locale`, `contributor_type`, `creation_date`, `last_update`, `fuzzy_startdate`, `location_start_id`) VALUES ('4723', 'Signore e signora', 'Signore e signora era un programma televisivo di intrattenimento trasmesso in 7 puntate dal 10 gennaio al 7 marzo 1970; andava in onda il sabato sul programma nazionale. Gli autori erano Antonio Amurri e Maurizio Jurgens, la regia era di Eros Macchi, le musiche di Franco Pisano.', 'programma tv', 'VIDEO', 'TV', 'youtube', 'https://www.youtube.com/watch?v=XdiWolLZTaY', 'Italia', 'it_IT', 'EXTERNAL', '2013-08-28', '2013-08-28', '15223', '2423');
INSERT INTO `reminiscensdb`.`Public_Memento` (`public_memento_id`, `headline`, `text`, `type`, `resource_type`, `category`, `source`, `source_url`, `resource_url`, `nationality`, `locale`, `contributor_type`, `creation_date`, `last_update`, `fuzzy_startdate`, `location_start_id`, `fuzzy_enddate`) VALUES ('4724', 'Walter Chiari', 'Walter Chiari, pseudonimo di Walter Annichiarico, è stato un attore, comico e conduttore televisivo italiano. Attore teatrale, cinematografico e televisivo, è stato uno dei più noti comici della televisione italiana.', 'attore', 'TEXT', 'TV', 'Wikipedia', 'http://it.wikipedia.org/wiki/Walter_Chiari', 'http://upload.wikimedia.org/wikipedia/it/thumb/5/5f/Walter_Chiari_1.jpg/220px-Walter_Chiari_1.jpg', 'Italia', 'It_IT', 'EXTERNAL', '2013-08-28', '2013-08-28', '15224', '2424', '15242');
INSERT INTO `reminiscensdb`.`Public_Memento` (`public_memento_id`, `headline`, `text`, `type`, `resource_type`, `category`, `source`, `resource_url`, `author`, `nationality`, `locale`, `contributor_type`, `creation_date`, `last_update`, `fuzzy_startdate`, `location_start_id`) VALUES ('4725', 'Bellissima', 'Bellissima è un film neorealista del 1951 diretto da Luchino Visconti.', 'film', 'VIDEO', 'FILM', 'youtube', 'http://www.youtube.com/watch?v=ESfiLIe65Fc', 'Walter Chiari', 'Italia', 'it_IT', 'EXTERNAL', '2013-08-28', '2013-08-28', '15225', '2425');
INSERT INTO `reminiscensdb`.`Public_Memento` (`public_memento_id`, `headline`, `text`, `type`, `resource_type`, `category`, `source`, `resource_url`, `author`, `nationality`, `locale`, `contributor_type`, `creation_date`, `last_update`, `fuzzy_startdate`, `location_start_id`) VALUES ('4726', 'Il giovedì', 'Il giovedì è un film del 1963 diretto da Dino Risi.', 'film', 'VIDEO', 'FILM', 'youtube', 'http://www.youtube.com/watch?v=6PQIDdhq1_o', 'Walter Chiari', 'Italia', 'it_IT', 'EXTERNAL', '2013-08-28', '2013-08-28', '15226', '2426');
INSERT INTO `reminiscensdb`.`Public_Memento` (`public_memento_id`, `headline`, `text`, `type`, `resource_type`, `category`, `source`, `source_url`, `resource_url`, `nationality`, `locale`, `contributor_type`, `creation_date`, `last_update`, `fuzzy_startdate`, `location_start_id`, `fuzzy_enddate`) VALUES ('4727', 'Alighiero Noschese', 'Alighiero Noschese è stato un imitatore, showman e comico italiano. È considerato il più fecondo e popolare imitatore della storia della televisione italiana', 'comico', 'IMAGE', 'TV', 'Wikipedia', 'http://it.wikipedia.org/wiki/Alighiero_Noschese', 'http://upload.wikimedia.org/wikipedia/it/b/bb/Alighiero_Noschese.jpg', 'italia', 'it_IT', 'EXTERNAL', '2013-08-28', '2013-08-28', '15227', '2427', '15243');
INSERT INTO `reminiscensdb`.`Public_Memento` (`public_memento_id`, `headline`, `text`, `type`, `resource_type`, `category`, `source`, `resource_url`, `author`, `nationality`, `locale`, `contributor_type`, `creation_date`, `last_update`, `location_start_id`) VALUES ('4728', 'Una matta, matta, matta corsa in Russia', 'Una matta, matta, matta corsa in Russia è un film commedia del 1973 diretto da Franco Prosperi e El\'dar Rjazanov.', 'programma tv', 'VIDEO', 'FILM', 'youtube', 'https://www.youtube.com/watch?v=ex5DH2ynGqE', 'Alighiero Noschese', 'italia', 'it_IT', 'EXTERNAL', '2013-08-28', '2013-08-28', '2428');
INSERT INTO `reminiscensdb`.`Public_Memento` (`public_memento_id`, `headline`, `text`, `type`, `resource_type`, `category`, `source`, `source_url`, `resource_url`, `nationality`, `locale`, `contributor_type`, `creation_date`, `last_update`, `fuzzy_startdate`, `location_start_id`, `fuzzy_enddate`) VALUES ('4729', 'Alberto Sordi', 'Alberto Sordi è stato un attore cinematografico, doppiatore e regista italiano. Importante interprete della storia del cinema italiano, con Ugo Tognazzi, Vittorio Gassman e Nino Manfredi', 'attore', 'TEXT', 'TV', 'wikipedia', 'http://it.wikipedia.org/wiki/Alberto_Sordi', 'http://upload.wikimedia.org/wikipedia/commons/thumb/e/e7/SottoilsolediRoma-1948-Sordi.png/300px-SottoilsolediRoma-1948-Sordi.png', 'italia', 'it_IT', 'EXTERNAL', '2013-08-28', '2013-08-28', '15229', '2429', '15244');
INSERT INTO `reminiscensdb`.`Public_Memento` (`public_memento_id`, `headline`, `text`, `type`, `resource_type`, `category`, `source`, `resource_url`, `author`, `nationality`, `locale`, `contributor_type`, `creation_date`, `last_update`, `fuzzy_startdate`, `location_start_id`) VALUES ('4730', 'E và E và', 'La canzone si chiama E VA\' E VA\' e diventa subito un inno italiano. Un modo molto educato e sarcastico per mandare tutti a quel paese.', 'musica', 'VIDEO', 'SONG', 'youtube', 'http://www.youtube.com/watch?v=XVXzlPqViXA', 'Alberto Sordi', 'italia', 'it_IT', 'EXTERNAL', '2013-08-28', '2013-08-28', '15230', '2430');
INSERT INTO `reminiscensdb`.`Public_Memento` (`public_memento_id`, `headline`, `text`, `type`, `resource_type`, `category`, `source`, `resource_url`, `author`, `nationality`, `locale`, `contributor_type`, `creation_date`, `last_update`, `fuzzy_startdate`, `location_start_id`) VALUES ('4731', 'Vi parla Alberto Sordi', 'Una breve e preziosa registrazione audio di un giovane, ma brillante, Alberto Sordi. La registrazione è del 1949. Dalla trasmissione radiofonica \"Vi parla Alberto Sordi\" trasmesso sull\'allora Rete Azzurra (oggi Rai Radio 2)', 'registrazione audio', 'VIDEO', 'TV', 'youtube', 'http://www.youtube.com/watch?v=i_PX0bcRACg', 'Alberto Sordi', 'italia', 'it_IT', 'EXTERNAL', '2013-08-28', '2013-08-28', '15231', '2431');
INSERT INTO `reminiscensdb`.`Public_Memento` (`public_memento_id`, `headline`, `text`, `type`, `resource_type`, `category`, `source`, `source_url`, `resource_url`, `nationality`, `locale`, `contributor_type`, `creation_date`, `last_update`, `fuzzy_startdate`, `location_start_id`) VALUES ('4732', 'Loretta Goggi', 'Loretta Goggi è una cantante, attrice, conduttrice televisiva, showgirl, doppiatrice e imitatrice italiana', 'cantante', 'TEXT', 'TV', 'wikipedia', 'http://it.wikipedia.org/wiki/Loretta_Goggi', 'http://upload.wikimedia.org/wikipedia/it/thumb/a/a6/Hello_goggi.jpg/215px-Hello_goggi.jpg', 'italia', 'it_IT', 'EXTERNAL', '2013-08-28', '2013-08-28', '15232', '2432');
INSERT INTO `reminiscensdb`.`Public_Memento` (`public_memento_id`, `headline`, `text`, `type`, `resource_type`, `category`, `source`, `resource_url`, `author`, `nationality`, `locale`, `contributor_type`, `creation_date`, `last_update`, `fuzzy_startdate`, `location_start_id`) VALUES ('4734', 'Una tragedia american', 'Una tragedia americana (1925) Theodore Dreiser (Terre Haute, 27 agosto 1871 -- Hollywood, 28 dicembre 1945)', 'film', 'VIDEO', 'TV', 'youtube', 'https://www.youtube.com/watch?v=ls-mFRR7yjI', 'Loretta Goggi', 'italia', 'it_IT', 'EXTERNAL', '2013-08-28', '2013-08-28', '15234', '2434');
INSERT INTO `reminiscensdb`.`Public_Memento` (`public_memento_id`, `headline`, `text`, `type`, `resource_type`, `category`, `source`, `source_url`, `resource_url`, `nationality`, `locale`, `contributor_type`, `creation_date`, `last_update`, `fuzzy_startdate`, `location_start_id`) VALUES ('4735', 'Gigliola Cinquetti', 'Gigliola Cinquetti è una cantante, attrice e conduttrice televisiva italiana.', 'cantante', 'IMAGE', 'TV', 'wikipedia', 'http://it.wikipedia.org/wiki/Gigliola_Cinquetti', 'http://upload.wikimedia.org/wikipedia/it/8/83/Cinquettiesc64.jpg', 'italia', 'it_IT', 'EXTERNAL', '2013-08-28', '2013-08-28', '15235', '2435');
INSERT INTO `reminiscensdb`.`Public_Memento` (`public_memento_id`, `headline`, `text`, `type`, `resource_type`, `category`, `source`, `resource_url`, `author`, `nationality`, `locale`, `contributor_type`, `creation_date`, `last_update`, `fuzzy_startdate`, `location_start_id`) VALUES ('4736', 'Quando anderemo fora, fora de la Valsugana', 'Canto Popolare Trentino, Armonizzazione del Maestro Luigi Pigarelli', 'musica popolare', 'VIDEO', 'SONG', 'youtube', 'https://www.youtube.com/watch?v=95ajwSXQq3I', 'Luigi Pigarelli', 'italia', 'it_IT', 'EXTERNAL', '2013-08-28', '2013-08-28', '15236', '2436');

INSERT INTO `reminiscensdb`.`Public_Memento` (`public_memento_id`, `headline`, `text`, `type`, `resource_type`, `category`, `source`, `resource_url`, `author`, `nationality`, `locale`, `contributor_type`, `creation_date`, `last_update`, `fuzzy_startdate`, `location_start_id`) 
VALUES ('4733', 'Maledetta Primavera', 'Maledetta primavera fu un enorme successo discgrafico oltre ad arrivare seconda a Sanremo 1981', 'musica', 'VIDEO', 'TV', 'youtube', 'http://www.youtube.com/watch?v=l_jHJPhzYiY', 'Loretta Goggi', 'italia', 'it_IT', 'EXTERNAL', '2013-08-28', '2013-08-28', '15233', '2433');
