INSERT INTO `reminiscensdb`.`Fuzzy_Date` (`fuzzy_date_id`, `exact_date`, `decade`, `year`, `month`, `day`, `day_name`, `day_part`, `accuracy`, `locale`) VALUES ('15400', '1932-11-25', '1930', '1932', '11', '25', '11', '25', '4', 'it_IT');
INSERT INTO `reminiscensdb`.`Fuzzy_Date` (`fuzzy_date_id`, `exact_date`, `decade`, `year`, `month`, `day`, `day_name`, `day_part`, `accuracy`, `locale`) VALUES ('15401', '1971-10-9', '1970', '1971', '10', '9', '10', '9', '4', 'it_IT');
INSERT INTO `reminiscensdb`.`Fuzzy_Date` (`fuzzy_date_id`, `exact_date`, `decade`, `year`, `month`, `day`, `day_name`, `day_part`, `accuracy`, `locale`) VALUES ('15402', '1944-3-30', '1940', '1944', '3', '30', '3', '30', '4', 'it_IT');
INSERT INTO `reminiscensdb`.`Fuzzy_Date` (`fuzzy_date_id`, `exact_date`, `decade`, `year`, `month`, `day`, `day_name`, `day_part`, `accuracy`, `locale`) VALUES ('15403', '1969-9-12', '1960', '1969', '9', '12', '9', '12', '4', 'it_IT');
INSERT INTO `reminiscensdb`.`Fuzzy_Date` (`fuzzy_date_id`, `decade`, `year`, `accuracy`, `locale`) VALUES ('15404', '1990', '1990', '1', 'it_IT');
INSERT INTO `reminiscensdb`.`Fuzzy_Date` (`fuzzy_date_id`, `exact_date`, `decade`, `year`, `month`, `day`, `day_name`, `day_part`, `accuracy`, `locale`) VALUES ('15405', '1943-3-4', '1940', '1943', '3', '4', '3', '4', '4', 'it_IT');
INSERT INTO `reminiscensdb`.`Fuzzy_Date` (`fuzzy_date_id`, `decade`, `year`, `accuracy`, `locale`) VALUES ('15406', '1970', '1978', '1', 'it_IT');
INSERT INTO `reminiscensdb`.`Fuzzy_Date` (`fuzzy_date_id`, `decade`, `year`, `accuracy`, `locale`) VALUES ('15407', '1950', '1958', '1', 'it_IT');
INSERT INTO `reminiscensdb`.`Fuzzy_Date` (`fuzzy_date_id`, `exact_date`, `decade`, `year`, `month`, `day`, `day_name`, `day_part`, `accuracy`, `locale`) VALUES ('15408', '1956-7-3', '1950', '1956', '7', '3', '7', '3', '4', 'it_IT');
INSERT INTO `reminiscensdb`.`Fuzzy_Date` (`fuzzy_date_id`, `decade`, `year`, `accuracy`, `locale`) VALUES ('15409', '1940', '1941', '1', 'it_IT');
INSERT INTO `reminiscensdb`.`Fuzzy_Date` (`fuzzy_date_id`, `decade`, `year`, `accuracy`, `locale`) VALUES ('15410', '1910', '1915', '1', 'it_IT');
INSERT INTO `reminiscensdb`.`Fuzzy_Date` (`fuzzy_date_id`, `decade`, `year`, `accuracy`, `locale`) VALUES ('15411', '1910', '1915', '1', 'it_IT');
INSERT INTO `reminiscensdb`.`Fuzzy_Date` (`fuzzy_date_id`, `decade`, `year`, `accuracy`, `locale`) VALUES ('15412', '1910', '1915', '1', 'it_IT');
INSERT INTO `reminiscensdb`.`Fuzzy_Date` (`fuzzy_date_id`, `exact_date`, `decade`, `year`, `month`, `day`, `day_name`, `day_part`, `accuracy`, `locale`) VALUES ('15413', '1926-5-25', '1920', '1926', '5', '25', '5', '25', '4', 'it_IT');
INSERT INTO `reminiscensdb`.`Fuzzy_Date` (`fuzzy_date_id`, `exact_date`, `decade`, `year`, `month`, `day`, `day_name`, `day_part`, `accuracy`, `locale`) VALUES ('15414', '2010-10-9', '2010', '2010', '10', '9', '10', '9', '4', 'it_IT');
INSERT INTO `reminiscensdb`.`Fuzzy_Date` (`fuzzy_date_id`, `decade`, `year`, `month`, `day_name`, `accuracy`, `locale`) VALUES ('15415', '1940', '1949', '9', '9', '3', 'it_IT');
INSERT INTO `reminiscensdb`.`Fuzzy_Date` (`fuzzy_date_id`, `decade`, `year`, `accuracy`, `locale`) VALUES ('15416', '1950', '1950', '1', 'it_IT');
INSERT INTO `reminiscensdb`.`Fuzzy_Date` (`fuzzy_date_id`, `decade`, `year`, `accuracy`, `locale`) VALUES ('15417', '1960', '1963', '1', 'it_IT');
INSERT INTO `reminiscensdb`.`Fuzzy_Date` (`fuzzy_date_id`, `exact_date`, `decade`, `year`, `month`, `day`, `day_name`, `day_part`, `accuracy`, `locale`) VALUES ('15418', '1969-9-27', '1960', '1969', '9', '27', '9', '27', '4', 'it_IT');
INSERT INTO `reminiscensdb`.`Fuzzy_Date` (`fuzzy_date_id`, `decade`, `year`, `accuracy`, `locale`) VALUES ('15419', '1960', '1968', '1', 'it_IT');
INSERT INTO `reminiscensdb`.`Fuzzy_Date` (`fuzzy_date_id`, `decade`, `year`, `accuracy`, `locale`) VALUES ('15420', '1960', '1964', '1', 'it_IT');
INSERT INTO `reminiscensdb`.`Fuzzy_Date` (`fuzzy_date_id`, `decade`, `year`, `accuracy`, `locale`) VALUES ('15421', '1960', '1966', '1', 'it_IT');
INSERT INTO `reminiscensdb`.`Fuzzy_Date` (`fuzzy_date_id`, `decade`, `year`, `accuracy`, `locale`) VALUES ('15422', '1960', '1967', '1', 'it_IT');
INSERT INTO `reminiscensdb`.`Fuzzy_Date` (`fuzzy_date_id`, `decade`, `year`, `accuracy`, `locale`) VALUES ('15423', '0', '1963', '1', 'it_IT');
INSERT INTO `reminiscensdb`.`Fuzzy_Date` (`fuzzy_date_id`, `decade`, `year`, `month`, `day_name`, `accuracy`, `locale`) VALUES ('15424', '2000', '2008', '3', '3', '3', 'it_IT');
INSERT INTO `reminiscensdb`.`Fuzzy_Date` (`fuzzy_date_id`, `decade`, `year`, `accuracy`, `locale`) VALUES ('15425', '1970', '1970', '1', 'it_IT');
INSERT INTO `reminiscensdb`.`Fuzzy_Date` (`fuzzy_date_id`, `decade`, `year`, `accuracy`, `locale`) VALUES ('15426', '1960', '1964', '1', 'it_IT');
INSERT INTO `reminiscensdb`.`Fuzzy_Date` (`fuzzy_date_id`, `decade`, `year`, `accuracy`, `locale`) VALUES ('15427', '1970', '1971', '1', 'it_IT');
INSERT INTO `reminiscensdb`.`Fuzzy_Date` (`fuzzy_date_id`, `decade`, `year`, `accuracy`, `locale`) VALUES ('15428', '1990', '1996', '1', 'it_IT');
INSERT INTO `reminiscensdb`.`Fuzzy_Date` (`fuzzy_date_id`, `decade`, `year`, `accuracy`, `locale`) VALUES ('15429', '2000', '2004', '1', 'it_IT');
INSERT INTO `reminiscensdb`.`Fuzzy_Date` (`fuzzy_date_id`, `exact_date`, `decade`, `year`, `month`, `day`, `day_name`, `day_part`, `accuracy`, `locale`) VALUES ('15430', '1934-12-13', '1930', '1934', '12', '13', '12', '13', '4', 'it_IT');
INSERT INTO `reminiscensdb`.`Fuzzy_Date` (`fuzzy_date_id`, `decade`, `year`, `accuracy`, `locale`) VALUES ('15431', '1960', '1967', '1', 'it_IT');
INSERT INTO `reminiscensdb`.`Fuzzy_Date` (`fuzzy_date_id`, `decade`, `year`, `accuracy`, `locale`) VALUES ('15432', '1960', '1968', '1', 'it_IT');
INSERT INTO `reminiscensdb`.`Fuzzy_Date` (`fuzzy_date_id`, `decade`, `year`, `accuracy`, `locale`) VALUES ('15433', '1960', '1966', '1', 'it_IT');
INSERT INTO `reminiscensdb`.`Fuzzy_Date` (`fuzzy_date_id`, `decade`, `year`, `accuracy`, `locale`) VALUES ('15434', '1960', '1965', '1', 'it_IT');
INSERT INTO `reminiscensdb`.`Fuzzy_Date` (`fuzzy_date_id`, `decade`, `year`, `accuracy`, `locale`) VALUES ('15435', '1960', '1967', '1', 'it_IT');
INSERT INTO `reminiscensdb`.`Fuzzy_Date` (`fuzzy_date_id`, `decade`, `year`, `accuracy`, `locale`) VALUES ('15436', '1960', '1968', '1', 'it_IT');
INSERT INTO `reminiscensdb`.`Fuzzy_Date` (`fuzzy_date_id`, `decade`, `year`, `accuracy`, `locale`) VALUES ('15437', '1970', '1971', '1', 'it_IT');
INSERT INTO `reminiscensdb`.`Fuzzy_Date` (`fuzzy_date_id`, `exact_date`, `decade`, `year`, `month`, `day`, `day_name`, `day_part`, `accuracy`, `locale`) VALUES ('15438', '1944-10-24', '1940', '1944', '10', '24', '10', '24', '4', 'it_IT');
INSERT INTO `reminiscensdb`.`Fuzzy_Date` (`fuzzy_date_id`, `exact_date`, `decade`, `year`, `month`, `day`, `day_name`, `day_part`, `accuracy`, `locale`) VALUES ('15439', '1988-2-24', '1980', '1988', '2', '24', '2', '24', '4', 'it_IT');
INSERT INTO `reminiscensdb`.`Fuzzy_Date` (`fuzzy_date_id`, `exact_date`, `decade`, `year`, `month`, `day`, `day_name`, `day_part`, `accuracy`, `locale`) VALUES ('15440', '1987-2-4', '1980', '1987', '2', '4', '2', '4', '4', 'it_IT');
INSERT INTO `reminiscensdb`.`Fuzzy_Date` (`fuzzy_date_id`, `exact_date`, `decade`, `year`, `month`, `day`, `day_name`, `day_part`, `accuracy`, `locale`) VALUES ('15441', '1938-1-6', '1930', '1938', '1', '6', '1', '6', '4', 'it_IT');
INSERT INTO `reminiscensdb`.`Fuzzy_Date` (`fuzzy_date_id`, `decade`, `year`, `accuracy`, `locale`) VALUES ('15442', '1990', '1999', '1', 'it_IT');
INSERT INTO `reminiscensdb`.`Fuzzy_Date` (`fuzzy_date_id`, `decade`, `year`, `accuracy`, `locale`) VALUES ('15443', '1990', '1992', '1', 'it_IT');
INSERT INTO `reminiscensdb`.`Fuzzy_Date` (`fuzzy_date_id`, `exact_date`, `decade`, `year`, `month`, `day`, `day_name`, `day_part`, `accuracy`, `locale`) VALUES ('15444', '1966-1-27', '1960', '1966', '1', '27', '1', '27', '4', 'it_IT');
INSERT INTO `reminiscensdb`.`Fuzzy_Date` (`fuzzy_date_id`, `decade`, `year`, `month`, `day_name`, `accuracy`, `locale`) VALUES ('15445', '1840', '1847', '9', '9', '3', 'it_IT');
INSERT INTO `reminiscensdb`.`Fuzzy_Date` (`fuzzy_date_id`, `decade`, `year`, `day`, `accuracy`, `locale`) VALUES ('15446', '2000', '2006', '0', '2', 'it_IT');
INSERT INTO `reminiscensdb`.`Fuzzy_Date` (`fuzzy_date_id`, `exact_date`, `decade`, `year`, `month`, `day`, `accuracy`, `locale`) VALUES ('15447', '1979-12-3', '1970', '1979', '12', '3', '4', 'it_IT');
INSERT INTO `reminiscensdb`.`Fuzzy_Date` (`fuzzy_date_id`, `exact_date`, `decade`, `year`, `month`, `day`, `accuracy`, `locale`) VALUES ('15448', '1972-1-6', '1970', '1972', '1', '6', '4', 'it_IT');
INSERT INTO `reminiscensdb`.`Fuzzy_Date` (`fuzzy_date_id`, `decade`, `year`, `month`, `day`, `accuracy`, `locale`) VALUES ('15449', '1960', '1969', '0', '0', '3', 'it_IT');
INSERT INTO `reminiscensdb`.`Fuzzy_Date` (`fuzzy_date_id`, `exact_date`, `decade`, `year`, `month`, `day`, `accuracy`, `locale`) VALUES ('15450', '2012-3-1', '2010', '2012', '3', '1', '4', 'it_IT');
INSERT INTO `reminiscensdb`.`Fuzzy_Date` (`fuzzy_date_id`, `decade`, `year`, `month`, `day`, `accuracy`, `locale`) VALUES ('15451', '1980', '1988', '0', '0', '3', 'it_IT');
INSERT INTO `reminiscensdb`.`Location` (`location_id`, `accuracy`, `country`, `locale`) VALUES ('2511', '1', 'Italia', 'it_IT');
INSERT INTO `reminiscensdb`.`Location` (`location_id`, `accuracy`, `name`, `country`, `region`, `city`, `locale`, `city_id`) VALUES ('2512', '4', 'Teatro delle Vittorie', 'Italia', 'Lazio', 'Roma', 'it_IT', '5906');
INSERT INTO `reminiscensdb`.`Location` (`location_id`, `accuracy`, `country`, `region`, `city`, `locale`, `city_id`) VALUES ('2513', '3', 'Italia', 'Emilia Romagna', 'Modena', 'it_IT', '4947');
INSERT INTO `reminiscensdb`.`Location` (`location_id`, `accuracy`, `country`, `region`, `city`, `locale`) VALUES ('2514', '3', 'Italia', 'Friuli-Venezia Giulia', 'Sistiana', 'it_IT');
INSERT INTO `reminiscensdb`.`Location` (`location_id`, `accuracy`, `country`, `locale`) VALUES ('2515', '1', 'Italia', 'it_IT');
INSERT INTO `reminiscensdb`.`Location` (`location_id`, `accuracy`, `country`, `region`, `city`, `locale`, `city_id`) VALUES ('2516', '3', 'Italia', 'Emilia Romagna', 'Bologna', 'it_IT', '4977');
INSERT INTO `reminiscensdb`.`Location` (`location_id`, `accuracy`, `name`, `country`, `locale`) VALUES ('2517', '2', 'Radiotelevisione svizzera di lingua italiana', 'Svizzera', 'it_IT');
INSERT INTO `reminiscensdb`.`Location` (`location_id`, `accuracy`, `country`, `locale`) VALUES ('2518', '1', 'Italia', 'it_IT');
INSERT INTO `reminiscensdb`.`Location` (`location_id`, `accuracy`, `country`, `region`, `city`, `locale`, `city_id`) VALUES ('2519', '3', 'Italia', 'Lombardia', 'Milano', 'it_IT', '2814');
INSERT INTO `reminiscensdb`.`Location` (`location_id`, `accuracy`, `country`, `locale`) VALUES ('2520', '1', 'Italia', 'it_IT');
INSERT INTO `reminiscensdb`.`Location` (`location_id`, `accuracy`, `country`, `region`, `city`, `locale`, `city_id`) VALUES ('2521', '3', 'Italia', 'Trentino-Alto Adige', 'Trento', 'it_IT', '4015');
INSERT INTO `reminiscensdb`.`Location` (`location_id`, `accuracy`, `country`, `region`, `city`, `locale`, `city_id`) VALUES ('2522', '3', 'Italia', 'Lombardia', 'Milano', 'it_IT', '2814');
INSERT INTO `reminiscensdb`.`Location` (`location_id`, `accuracy`, `country`, `locale`) VALUES ('2523', '1', 'Italia', 'it_IT');
INSERT INTO `reminiscensdb`.`Location` (`location_id`, `accuracy`, `country`, `region`, `city`, `locale`, `city_id`) VALUES ('2524', '3', 'Italia', 'Lombardia', 'Milano', 'it_IT', '2814');
INSERT INTO `reminiscensdb`.`Location` (`location_id`, `accuracy`, `name`, `country`, `region`, `city`, `locale`, `city_id`) VALUES ('2525', '4', 'Teatro delle Vittorie', 'Italia', 'Lazio', 'Roma', 'it_IT', '5906');
INSERT INTO `reminiscensdb`.`Location` (`location_id`, `accuracy`, `country`, `locale`) VALUES ('2526', '1', 'Italia', 'it_IT');
INSERT INTO `reminiscensdb`.`Location` (`location_id`, `accuracy`, `country`, `region`, `city`, `locale`, `city_id`) VALUES ('2527', '3', 'Italia', 'Emilia Romagna', 'Bologna', 'it_IT', '4977');
INSERT INTO `reminiscensdb`.`Location` (`location_id`, `accuracy`, `country`, `locale`) VALUES ('2528', '1', 'Italia', 'it_IT');
INSERT INTO `reminiscensdb`.`Location` (`location_id`, `accuracy`, `country`, `region`, `city`, `locale`, `city_id`) VALUES ('2529', '3', 'Italia', 'Marche', 'Camerino', 'it_IT', '5227');
INSERT INTO `reminiscensdb`.`Location` (`location_id`, `accuracy`, `country`, `locale`) VALUES ('2530', '1', 'Italia', 'it_IT');
INSERT INTO `reminiscensdb`.`Location` (`location_id`, `accuracy`, `country`, `region`, `city`, `locale`, `city_id`) VALUES ('2531', '3', 'Italia', 'Lombardia', 'Milano', 'it_IT', '2814');
INSERT INTO `reminiscensdb`.`Location` (`location_id`, `accuracy`, `country`, `locale`) VALUES ('2532', '1', 'Italia', 'it_IT');
INSERT INTO `reminiscensdb`.`Location` (`location_id`, `accuracy`, `country`, `region`, `city`, `locale`, `city_id`) VALUES ('2533', '3', 'Italia', 'Lombardia', 'Nuvolento', 'it_IT', '3240');
INSERT INTO `reminiscensdb`.`Location` (`location_id`, `accuracy`, `name`, `country`, `region`, `city`, `locale`, `city_id`) VALUES ('2534', '4', 'Teatro Ariston', 'Italia', 'Liguria', 'Sanremo', 'it_IT', '2177');
INSERT INTO `reminiscensdb`.`Location` (`location_id`, `accuracy`, `country`, `region`, `city`, `locale`, `city_id`) VALUES ('2535', '3', 'Italia', 'Lombardia', 'Milano', 'it_IT', '2814');
INSERT INTO `reminiscensdb`.`Location` (`location_id`, `accuracy`, `country`, `locale`) VALUES ('2536', '1', 'Italia', 'it_IT');
INSERT INTO `reminiscensdb`.`Location` (`location_id`, `accuracy`, `country`, `region`, `city`, `locale`, `city_id`) VALUES ('2537', '3', 'Italia', 'Trentino-Alto Adige', 'Trento', 'it_IT', '4015');
INSERT INTO `reminiscensdb`.`Location` (`location_id`, `accuracy`, `country`, `region`, `city`, `locale`, `city_id`) VALUES ('2538', '3', 'Italia', 'Lazio', 'Roma', 'it_IT', '5906');
INSERT INTO `reminiscensdb`.`Location` (`location_id`, `accuracy`, `name`, `country`, `region`, `city`, `locale`, `city_id`) VALUES ('2539', '4', 'Teatro delle Vittorie', 'Italia', 'Lazio', 'Roma', 'it_IT', '5906');
INSERT INTO `reminiscensdb`.`Location` (`location_id`, `accuracy`, `country`, `region`, `city`, `locale`, `city_id`) VALUES ('2540', '3', 'Italia', 'Veneto', 'Asiago', 'it_IT', '4143');
INSERT INTO `reminiscensdb`.`Location` (`location_id`, `accuracy`, `country`, `region`, `city`, `locale`) VALUES ('2541', '3', 'Svizzera', 'Vaud', 'Montreux', 'it_IT');
INSERT INTO `reminiscensdb`.`Public_Memento` (`public_memento_id`, `headline`, `text`, `type`, `resource_type`, `category`, `source`, `source_url`, `resource_url`, `nationality`, `locale`, `contributor_type`, `creation_date`, `last_update`, `fuzzy_startdate`, `location_start_id`, `fuzzy_enddate`, `location_end_id`, `indexed`) VALUES ('5800', 'Alighiero Noschese', 'Alighiero Noschese è stato un imitatore, showman e comico italiano. È considerato il più fecondo e popolare imitatore della storia della televisione italiana.', 'showman e comico', 'IMAGE', 'TV', 'wikipedia', 'http://it.wikipedia.org/wiki/Alighiero_Noschese', 'http://upload.wikimedia.org/wikipedia/it/b/bb/Alighiero_Noschese.jpg', 'Italia', 'it_IT', 'EXTERNAL', '2013-09-19', '2013-09-19', '15400', '2511', '15447', '2538', '0');
INSERT INTO `reminiscensdb`.`Public_Memento` (`public_memento_id`, `headline`, `text`, `type`, `resource_type`, `category`, `source`, `resource_url`, `author`, `nationality`, `locale`, `contributor_type`, `creation_date`, `last_update`, `fuzzy_startdate`, `location_start_id`, `fuzzy_enddate`, `location_end_id`, `indexed`) VALUES ('5801', 'Canzonissima \'71', 'Nella settima puntata di Canzonissima \'71, il fenomenale Alighiero Noschese da prova delle sue straordinarie capacita\' imitando Corrado e tutti e 24 i cantant', 'programma TV', 'VIDEO', 'TV', 'Youtube', 'https://www.youtube.com/watch?v=ehYAR6V3OBk', 'Alighiero Noschese', 'Italia', 'it_IT', 'EXTERNAL', '2013-09-19', '2013-09-19', '15401', '2512', '15448', '2539', '0');
INSERT INTO `reminiscensdb`.`Public_Memento` (`public_memento_id`, `headline`, `text`, `type`, `resource_type`, `category`, `source`, `source_url`, `resource_url`, `resource_thumbnail_url`, `nationality`, `locale`, `contributor_type`, `creation_date`, `last_update`, `fuzzy_startdate`, `location_start_id`, `indexed`) VALUES ('5802', 'Maurizio Vandelli', 'Maurizio Vandelli è un cantante italiano, uno dei membri storici e voce leader del gruppo Equipe 84.', 'cantante', 'IMAGE', 'TV', 'wikipedia', 'http://it.wikipedia.org/wiki/Maurizio_Vandelli_(cantante)', 'http://upload.wikimedia.org/wikipedia/it/d/d5/Equipe_84_%281971%29.jpg', 'http://upload.wikimedia.org/wikipedia/it/thumb/d/d5/Equipe_84_%281971%29.jpg/250px-Equipe_84_%281971%29.jpg', 'Italia', 'It_IT', 'EXTERNAL', '2013-09-19', '2013-09-19', '15402', '2513', '0');
INSERT INTO `reminiscensdb`.`Public_Memento` (`public_memento_id`, `headline`, `text`, `type`, `resource_type`, `category`, `source`, `source_url`, `resource_url`, `author`, `nationality`, `locale`, `contributor_type`, `creation_date`, `last_update`, `fuzzy_startdate`, `location_start_id`, `fuzzy_enddate`, `location_end_id`, `indexed`) VALUES ('5803', 'Perdona Bambina', 'Night tapes Presenta:Video clip della canzone di Maurizio Vandelli \"Perdona Bambina\" del 1969', 'musica popolare', 'VIDEO', 'SONG', 'Youtube', 'http://upload.wikimedia.org/wikipedia/it/thumb/d/d5/Equipe_84_%281971%29.jpg/250px-Equipe_84_%281971%29.jpg', 'https://www.youtube.com/watch?v=O_nin2hmN9Q', 'Maurizio Vandelli', 'Italia', 'It_IT', 'EXTERNAL', '2013-09-19', '2013-09-19', '15403', '2514', '15449', '2540', '0');
INSERT INTO `reminiscensdb`.`Public_Memento` (`public_memento_id`, `headline`, `text`, `type`, `resource_type`, `category`, `source`, `source_url`, `resource_url`, `author`, `nationality`, `locale`, `contributor_type`, `creation_date`, `last_update`, `fuzzy_startdate`, `location_start_id`, `indexed`) VALUES ('5804', 'Ladri d\'amore', 'una splendida canzone di Maurizio Vandelli, tratta dall\'album \"se nei \'90\" scritta da Gaetano Curreri e Vasco Rossi', 'musica popolare', 'VIDEO', 'SONG', 'Youtube', 'https://www.youtube.com/watch?v=O_nin2hmN9Q', 'http://www.youtube.com/watch?v=cpIuxwFYrDo', 'Maurizio Vandelli', 'Italia', 'It_IT', 'EXTERNAL', '2013-09-19', '2013-09-19', '15404', '2515', '0');
INSERT INTO `reminiscensdb`.`Public_Memento` (`public_memento_id`, `headline`, `text`, `type`, `resource_type`, `category`, `source`, `source_url`, `resource_url`, `resource_thumbnail_url`, `nationality`, `locale`, `contributor_type`, `creation_date`, `last_update`, `fuzzy_startdate`, `location_start_id`, `fuzzy_enddate`, `location_end_id`, `indexed`) VALUES ('5805', 'Lucio Dalla', 'Lucio Dalla è stato un musicista, cantautore e attore italiano. Musicista di formazione jazz, è stato uno dei più importanti, influenti e innovativi cantautori italiani', 'cantautore e attore', 'IMAGE', 'TV', 'Wikipedia', 'http://it.wikipedia.org/wiki/Lucio_Dalla', 'http://upload.wikimedia.org/wikipedia/commons/e/eb/Lucio_Dalla_1.JPG', 'http://upload.wikimedia.org/wikipedia/commons/thumb/e/eb/Lucio_Dalla_1.JPG/250px-Lucio_Dalla_1.JPG', 'Italia', 'It_IT', 'EXTERNAL', '2013-09-19', '2013-09-19', '15405', '2516', '15450', '2541', '0');
INSERT INTO `reminiscensdb`.`Public_Memento` (`public_memento_id`, `headline`, `text`, `type`, `resource_type`, `category`, `source`, `source_url`, `resource_url`, `author`, `nationality`, `locale`, `contributor_type`, `creation_date`, `last_update`, `fuzzy_startdate`, `location_start_id`, `indexed`) VALUES ('5806', 'Anna e Marco', 'concerto di Lucio Dalla registrato nel dicembre del 1978 per la RSI - Radiotelevisione Svizzera Italiana nell\'ambito del programma TV \"Musicalmente\". In questo concerto Dalla è sostenuto dal nucleo originario degli Stadio e dal chitarrista Ricky Portera.', 'Musica', 'VIDEO', 'SONG', 'youtube', 'http://upload.wikimedia.org/wikipedia/commons/thumb/e/eb/Lucio_Dalla_1.JPG/250px-Lucio_Dalla_1.JPG', 'https://www.youtube.com/watch?v=MFsE0sSCYs0&list=PLFAD741353D84473F', 'Lucio Dalla', 'Italia', 'It_IT', 'EXTERNAL', '2013-09-19', '2013-09-19', '15406', '2517', '0');
INSERT INTO `reminiscensdb`.`Public_Memento` (`public_memento_id`, `headline`, `text`, `type`, `resource_type`, `category`, `source`, `source_url`, `resource_url`, `author`, `nationality`, `locale`, `contributor_type`, `creation_date`, `last_update`, `fuzzy_startdate`, `location_start_id`, `indexed`) VALUES ('5807', 'Parata di Canzoni', 'Fanno parte di questa parata di canzoni i seguenti titoli: L\'edera, Nel Blu dipinto di blu, Vurria, Mamma, Ti dirò e Come prima. Tele Ricordi è il canale di flaniman (Su questa TiVù li apprezzi di più)', 'musica', 'VIDEO', 'SONG', 'youtube', 'https://www.youtube.com/watch?v=MFsE0sSCYs0&list=PLFAD741353D84473F', 'http://www.youtube.com/watch?v=Uf6Yoznpl2M', 'Quartetto Cetra', 'Italia', 'It_IT', 'EXTERNAL', '2013-09-19', '2013-09-19', '15407', '2518', '0');
INSERT INTO `reminiscensdb`.`Public_Memento` (`public_memento_id`, `headline`, `text`, `type`, `resource_type`, `category`, `source`, `source_url`, `resource_url`, `author`, `nationality`, `locale`, `contributor_type`, `creation_date`, `last_update`, `fuzzy_startdate`, `location_start_id`, `indexed`) VALUES ('5808', 'Musetto', 'Quartetto Cetra Musetto', 'Musica', 'VIDEO', 'SONG', 'youtube', 'http://www.youtube.com/watch?v=Uf6Yoznpl2M', 'http://www.youtube.com/watch?v=L6roI9Dzs6Q', 'Quartetto Cetra', 'Italia', 'It_IT', 'EXTERNAL', '2013-09-19', '2013-09-19', '15408', '2518', '0');
INSERT INTO `reminiscensdb`.`Public_Memento` (`public_memento_id`, `headline`, `text`, `type`, `resource_type`, `category`, `source`, `source_url`, `resource_url`, `resource_thumbnail_url`, `nationality`, `locale`, `contributor_type`, `creation_date`, `last_update`, `fuzzy_startdate`, `location_start_id`, `fuzzy_enddate`, `indexed`) VALUES ('5809', 'Quartetto Cetra', 'Il Quartetto Cetra è stato un quartetto vocale italiano, attivo a partire dagli anni quaranta e formato da Felice Chiusano, Giovanni \"Tata\" Giacobetti, Lucia Mannucci e Antonio Virgilio Savona', 'Quartetto', 'IMAGE', 'SONG', 'Wikipedia', 'http://it.wikipedia.org/wiki/Quartetto_Cetra', 'http://upload.wikimedia.org/wikipedia/it/9/93/Quartetto_Cetra.jpg', 'http://upload.wikimedia.org/wikipedia/it/thumb/9/93/Quartetto_Cetra.jpg/250px-Quartetto_Cetra.jpg', 'Italia', 'It_IT', 'EXTERNAL', '2013-09-19', '2013-09-19', '15409', '2519', '15451', '0');
INSERT INTO `reminiscensdb`.`Public_Memento` (`public_memento_id`, `headline`, `text`, `type`, `resource_type`, `category`, `source`, `source_url`, `resource_url`, `nationality`, `locale`, `contributor_type`, `creation_date`, `last_update`, `fuzzy_startdate`, `location_start_id`, `indexed`) VALUES ('5810', 'Era una notte che pioveva', 'LA PRIMA GUERRA MONDIALE NEL NORDEST ITALIANO RACCONTATA DAL GENERALE ITALICO CAUTERUCCIO E ATTRAVERSO I CANTI DEL CORO CONEGLIANO', 'RACONTO', 'VIDEO', 'STORY', 'Youtube', 'http://upload.wikimedia.org/wikipedia/it/thumb/9/93/Quartetto_Cetra.jpg/250px-Quartetto_Cetra.jpg', 'http://www.youtube.com/watch?v=fI_HV6KvcQE', 'Italia', 'It_IT', 'EXTERNAL', '2013-09-19', '2013-09-19', '15410', '2520', '0');
INSERT INTO `reminiscensdb`.`Public_Memento` (`public_memento_id`, `headline`, `text`, `type`, `resource_type`, `category`, `source`, `source_url`, `resource_url`, `nationality`, `locale`, `contributor_type`, `creation_date`, `last_update`, `fuzzy_startdate`, `location_start_id`, `indexed`) VALUES ('5811', 'Monte nero', 'Il 16 giugno 1915, durante la prima guerra mondiale, i battaglioni Exilles, Pinerolo, Susa e Fenestrelle del 3° Reggimento Alpini comandato dal colonnello Donato Etna, con un\'azione notturna occuparono la cima del Monte Nero, nelle alpi Giulie.', 'Musica', 'VIDEO', 'SONG', 'Youtube', 'http://www.youtube.com/watch?v=fI_HV6KvcQE', 'https://www.youtube.com/watch?v=LwBikx1kPdc', 'Italia', 'It_IT', 'EXTERNAL', '2013-09-19', '2013-09-19', '15411', '2520', '0');
INSERT INTO `reminiscensdb`.`Public_Memento` (`public_memento_id`, `headline`, `text`, `type`, `resource_type`, `category`, `source`, `source_url`, `resource_url`, `nationality`, `locale`, `contributor_type`, `creation_date`, `last_update`, `fuzzy_startdate`, `location_start_id`, `indexed`) VALUES ('5812', 'La licenza del soldato', 'La licenza del soldato - Canti della naja', 'Musica', 'VIDEO', 'SONG', 'youtube', 'https://www.youtube.com/watch?v=LwBikx1kPdc', 'http://www.youtube.com/watch?v=o-VHTkg2W40', 'Italia', 'It_IT', 'EXTERNAL', '2013-09-19', '2013-09-19', '15412', '2520', '0');
INSERT INTO `reminiscensdb`.`Public_Memento` (`public_memento_id`, `headline`, `text`, `type`, `resource_type`, `category`, `source`, `source_url`, `resource_url`, `resource_thumbnail_url`, `author`, `nationality`, `locale`, `contributor_type`, `creation_date`, `last_update`, `fuzzy_startdate`, `location_start_id`, `indexed`) VALUES ('5813', 'Coro della SAT', 'Il Coro della SAT è il più celebre tra i cori maschili italiani comunemente chiamati \"di montagna\"; esegue principalmente elaborazioni di canti popolari.', 'Coro', 'IMAGE', 'TV', 'wikipedia', 'http://it.wikipedia.org/wiki/Coro_della_SAT', 'http://upload.wikimedia.org/wikipedia/it/f/fb/SAT.jpg', 'http://upload.wikimedia.org/wikipedia/it/thumb/f/fb/SAT.jpg/260px-SAT.jpg', 'Mauro Pedrotti', 'Italia', 'It_IT', 'EXTERNAL', '2013-09-19', '2013-09-19', '15413', '2521', '0');
INSERT INTO `reminiscensdb`.`Public_Memento` (`public_memento_id`, `headline`, `text`, `type`, `resource_type`, `category`, `source`, `source_url`, `resource_url`, `author`, `nationality`, `locale`, `contributor_type`, `creation_date`, `last_update`, `fuzzy_startdate`, `location_start_id`, `indexed`) VALUES ('5814', 'Vien bionda d\'amor', 'Il Coro della SAT è il più celebre tra i cori maschili italiani comunemente chiamati \"di montagna\"; esegue principalmente elaborazioni di canti popolari.', 'Coro', 'VIDEO', 'SONG', 'youtube', 'http://upload.wikimedia.org/wikipedia/it/thumb/f/fb/SAT.jpg/260px-SAT.jpg', 'https://www.youtube.com/watch?v=zeehg7Q5L_c', 'Coro S.A.T', 'Italia', 'It_IT', 'EXTERNAL', '2013-09-19', '2013-09-19', '15414', '2521', '0');
INSERT INTO `reminiscensdb`.`Public_Memento` (`public_memento_id`, `headline`, `text`, `type`, `resource_type`, `category`, `source`, `source_url`, `resource_url`, `resource_thumbnail_url`, `author`, `collection`, `nationality`, `locale`, `contributor_type`, `creation_date`, `last_update`, `fuzzy_startdate`, `location_start_id`, `indexed`) VALUES ('5815', 'La penna dell\'alpino', 'La penna dell\'alpino Canto degli alpini Arm. Luigi Pigarelli CD La Penna Dell\'alpino (1992) del Coro ANA di Milano dirige Massimo Marchesotti', 'Coro', 'VIDEO', 'SONG', 'youtube', 'https://www.youtube.com/watch?v=zeehg7Q5L_c', 'http://www.youtube.com/watch?v=7QBJDATylVU', 'nULL', 'Coro A.N.A Milano', 'nULL', 'Italia', 'it_IT', 'EXTERNAL', '2013-09-19', '2013-09-19', '15415', '2522', '0');
INSERT INTO `reminiscensdb`.`Public_Memento` (`public_memento_id`, `headline`, `text`, `type`, `resource_type`, `category`, `source`, `source_url`, `resource_url`, `collection`, `nationality`, `locale`, `contributor_type`, `creation_date`, `last_update`, `fuzzy_startdate`, `location_start_id`, `indexed`) VALUES ('5816', 'Sul cappello', 'Conosciuta anche con il nome di La penna nera o La penna sul cappello è una canzone particolarmente nota in quanto già nella prima strofa descrive una delle caratteristiche distintive del corpo degli alpini, ovvero la classica penna nera posizionata sul cappello degli alpini', 'coro', 'VIDEO', 'SONG', 'youtube', 'http://www.youtube.com/watch?v=7QBJDATylVU', 'http://www.youtube.com/watch?v=YDEUo6TDUwk', 'nULL', 'Italia', 'It_IT', 'EXTERNAL', '2013-09-19', '2013-09-19', '15416', '2523', '0');
INSERT INTO `reminiscensdb`.`Public_Memento` (`public_memento_id`, `headline`, `text`, `type`, `resource_type`, `category`, `source`, `source_url`, `resource_url`, `nationality`, `locale`, `contributor_type`, `creation_date`, `last_update`, `fuzzy_startdate`, `location_start_id`, `indexed`) VALUES ('5817', 'Camaleonti', 'I Camaleonti sono un gruppo musicale italiano nato negli anni sessanta.', 'gruppo musicale', 'IMAGE', 'TV', 'wikipedia', 'http://it.wikipedia.org/wiki/Camaleonti', 'http://upload.wikimedia.org/wikipedia/it/thumb/b/ba/Camaleonti.jpg/250px-Camaleonti.jpg', 'Italia', 'It_IT', 'EXTERNAL', '2013-09-19', '2013-09-19', '15417', '2524', '0');
INSERT INTO `reminiscensdb`.`Public_Memento` (`public_memento_id`, `headline`, `text`, `type`, `resource_type`, `category`, `source`, `source_url`, `resource_url`, `author`, `nationality`, `locale`, `contributor_type`, `creation_date`, `last_update`, `fuzzy_startdate`, `location_start_id`, `indexed`) VALUES ('5818', 'L\'ora dell\'amore', 'i Camaleonti l\'ora dell\'amore canzonissima 69', 'gruppo musicale', 'VIDEO', 'SONG', 'Youtube', 'http://upload.wikimedia.org/wikipedia/it/thumb/b/ba/Camaleonti.jpg/250px-Camaleonti.jpg', 'http://www.youtube.com/watch?v=nQ5gqqvKxLM', 'I CAMALEONTI', 'Italia', 'It_IT', 'EXTERNAL', '2013-09-19', '2013-09-19', '15418', '2525', '0');
INSERT INTO `reminiscensdb`.`Public_Memento` (`public_memento_id`, `headline`, `text`, `type`, `resource_type`, `category`, `source`, `source_url`, `resource_url`, `author`, `nationality`, `locale`, `contributor_type`, `creation_date`, `last_update`, `fuzzy_startdate`, `location_start_id`, `indexed`) VALUES ('5819', 'Io per lei', 'I CAMALEONTI - Io per lei (1968)', 'gruppo musicale', 'VIDEO', 'SONG', 'youtube', 'http://www.youtube.com/watch?v=nQ5gqqvKxLM', 'http://www.youtube.com/watch?v=Bofmz2Wj-mw', 'I CAMALEONTI', 'Italia', 'It_IT', 'EXTERNAL', '2013-09-19', '2013-09-19', '15419', '2525', '0');
INSERT INTO `reminiscensdb`.`Public_Memento` (`public_memento_id`, `headline`, `text`, `type`, `resource_type`, `category`, `source`, `source_url`, `resource_url`, `nationality`, `locale`, `contributor_type`, `creation_date`, `last_update`, `fuzzy_startdate`, `location_start_id`, `indexed`) VALUES ('5820', 'Equipe 84', 'Equipe 84 è il nome di un gruppo musicale italiano attivo tra il 1962 e il 1979 e tra il 1984 e il 2012', 'gruppo musicale', 'IMAGE', 'TV', 'wikipedia', 'http://it.wikipedia.org/wiki/Equipe_84', 'http://upload.wikimedia.org/wikipedia/it/thumb/3/32/Equipe84.jpg/250px-Equipe84.jpg', 'Italia', 'It_IT', 'EXTERNAL', '2013-09-19', '2013-09-19', '15420', '2526', '0');
INSERT INTO `reminiscensdb`.`Public_Memento` (`public_memento_id`, `headline`, `text`, `type`, `resource_type`, `category`, `source`, `source_url`, `resource_url`, `nationality`, `locale`, `contributor_type`, `creation_date`, `last_update`, `fuzzy_startdate`, `location_start_id`, `indexed`) VALUES ('5821', 'Io ho in mente te', 'EQUIPE 84 Io ho in mente te', 'gruppo musicale', 'VIDEO', 'SONG', 'Youtube', 'http://upload.wikimedia.org/wikipedia/it/thumb/3/32/Equipe84.jpg/250px-Equipe84.jpg', 'http://www.youtube.com/watch?v=Fwam9lQuSu0', 'Italia', 'It_IT', 'EXTERNAL', '2013-09-19', '2013-09-19', '15421', '2526', '0');
INSERT INTO `reminiscensdb`.`Public_Memento` (`public_memento_id`, `headline`, `text`, `type`, `resource_type`, `category`, `source`, `source_url`, `resource_url`, `nationality`, `locale`, `contributor_type`, `creation_date`, `last_update`, `fuzzy_startdate`, `location_start_id`, `indexed`) VALUES ('5822', '29 settembre', 'Equipe 84 - 29 settembre', 'gruppo musicale', 'VIDEO', 'SONG', 'Youtube', 'http://www.youtube.com/watch?v=Fwam9lQuSu0', 'http://www.youtube.com/watch?v=vGCA-320cbM', 'Italia', 'It_IT', 'EXTERNAL', '2013-09-19', '2013-09-19', '15422', '2526', '0');
INSERT INTO `reminiscensdb`.`Public_Memento` (`public_memento_id`, `headline`, `text`, `type`, `resource_type`, `category`, `source`, `source_url`, `resource_url`, `nationality`, `locale`, `contributor_type`, `creation_date`, `last_update`, `fuzzy_startdate`, `location_start_id`, `indexed`) VALUES ('5823', 'I Nomadi', 'I Nomadi sono un gruppo musicale pop rock italiano, fondato nel 1963 dal tastierista Beppe Carletti e dal cantante Augusto Daolio.', 'gruppo musicale', 'IMAGE', 'TV', 'wikipedia', 'http://it.wikipedia.org/wiki/Nomadi', 'http://upload.wikimedia.org/wikipedia/it/thumb/0/03/I_Nomadi_al_Cantagiro_1967.jpg/250px-I_Nomadi_al_Cantagiro_1967.jpg', 'Italia', 'It_IT', 'EXTERNAL', '2013-09-19', '2013-09-19', '15423', '2526', '0');
INSERT INTO `reminiscensdb`.`Public_Memento` (`public_memento_id`, `headline`, `text`, `type`, `resource_type`, `category`, `source`, `source_url`, `resource_url`, `author`, `nationality`, `locale`, `contributor_type`, `creation_date`, `last_update`, `fuzzy_startdate`, `location_start_id`, `indexed`) VALUES ('5824', 'io vagabondo', 'I nomadi io vagabondo', 'Gruppo musicale', 'VIDEO', 'SONG', 'Youtube', 'http://upload.wikimedia.org/wikipedia/it/thumb/0/03/I_Nomadi_al_Cantagiro_1967.jpg/250px-I_Nomadi_al_Cantagiro_1967.jpg', 'http://www.youtube.com/watch?v=YYav-Is1kK0', 'I Nomadi', 'Italia', 'It_IT', 'EXTERNAL', '2013-09-19', '2013-09-19', '15424', '2526', '0');
INSERT INTO `reminiscensdb`.`Public_Memento` (`public_memento_id`, `headline`, `text`, `type`, `resource_type`, `category`, `source`, `source_url`, `resource_url`, `author`, `nationality`, `locale`, `contributor_type`, `creation_date`, `last_update`, `fuzzy_startdate`, `location_start_id`, `indexed`) VALUES ('5825', 'Un pugno di sabbia', 'Un pugno di sabbia - I Nomadi', 'Gruppo musicale', 'VIDEO', 'SONG', 'youtube', 'http://www.youtube.com/watch?v=YYav-Is1kK0', 'http://www.youtube.com/watch?v=5-GmRS9ztVE', 'I Nomadi', 'Italia', 'It_IT', 'EXTERNAL', '2013-09-19', '2013-09-19', '15425', '2526', '0');
INSERT INTO `reminiscensdb`.`Public_Memento` (`public_memento_id`, `headline`, `text`, `type`, `resource_type`, `category`, `source`, `source_url`, `resource_url`, `nationality`, `locale`, `contributor_type`, `creation_date`, `last_update`, `fuzzy_startdate`, `location_start_id`, `indexed`) VALUES ('5826', 'Pooh', 'I Pooh sono un gruppo musicale italiano artefice di alcuni dei più grandi successi discografici della nazione. Il complesso è tra i più longevi nella storia della musica, essendosi formato nel 1966, ed ha venduto più di 70 milioni di dischi.', 'Gruppo musicale', 'IMAGE', 'TV', 'Wikipedia', 'http://it.wikipedia.org/wiki/Pooh', 'http://upload.wikimedia.org/wikipedia/commons/thumb/6/6e/Pooh.jpg/250px-Pooh.jpg', 'Italia', 'It_IT', 'EXTERNAL', '2013-09-19', '2013-09-19', '15426', '2527', '0');
INSERT INTO `reminiscensdb`.`Public_Memento` (`public_memento_id`, `headline`, `text`, `type`, `resource_type`, `category`, `source`, `source_url`, `resource_url`, `author`, `nationality`, `locale`, `contributor_type`, `creation_date`, `last_update`, `fuzzy_startdate`, `location_start_id`, `indexed`) VALUES ('5827', 'Tanta voglia di lei', 'I POOH la donna del mio amico', 'Gruppo musicale', 'VIDEO', 'SONG', 'youtube', 'http://upload.wikimedia.org/wikipedia/commons/thumb/6/6e/Pooh.jpg/250px-Pooh.jpg', 'http://www.youtube.com/watch?v=5sUEL3m0Oo8', 'Pooh', 'Italia', 'It_IT', 'EXTERNAL', '2013-09-19', '2013-09-19', '15427', '2528', '0');
INSERT INTO `reminiscensdb`.`Public_Memento` (`public_memento_id`, `headline`, `text`, `type`, `resource_type`, `category`, `source`, `source_url`, `resource_url`, `author`, `nationality`, `locale`, `contributor_type`, `creation_date`, `last_update`, `fuzzy_startdate`, `location_start_id`, `indexed`) VALUES ('5828', 'La donna del mio amico', 'I POOH la donna del mio amico', 'Gruppo musicale', 'VIDEO', 'SONG', 'Youtube', 'http://www.youtube.com/watch?v=5sUEL3m0Oo8', 'http://www.youtube.com/watch?v=aTPHoxhi5jE', 'Pooh', 'Italia', 'It_IT', 'EXTERNAL', '2013-09-19', '2013-09-19', '15428', '2528', '0');
INSERT INTO `reminiscensdb`.`Public_Memento` (`public_memento_id`, `headline`, `text`, `type`, `resource_type`, `category`, `source`, `source_url`, `resource_url`, `author`, `nationality`, `locale`, `contributor_type`, `creation_date`, `last_update`, `fuzzy_startdate`, `location_start_id`, `indexed`) VALUES ('5829', 'Ci penserò domani', 'Bellissimo brano tratto dall\' album \"Boomerang\" (1978), musicato da Dodi Battaglia e cantato da Roby Facchinetti. E\' la storia di una donna che torna dal suo ex, per raccontargli di un amore finito, e che poi, dopo avergli ricordato che \"con lui stava bene\", la mattina dopo prende e se ne torna in giro per il mondo.', 'Gruppo musicale', 'VIDEO', 'SONG', 'Youtube', 'http://www.youtube.com/watch?v=aTPHoxhi5jE', 'http://www.youtube.com/watch?v=Z_83trUw1-U', 'Pooh', 'Italia', 'It_IT', 'EXTERNAL', '2013-09-19', '2013-09-19', '15429', '2528', '0');
INSERT INTO `reminiscensdb`.`Public_Memento` (`public_memento_id`, `headline`, `text`, `type`, `resource_type`, `category`, `source`, `source_url`, `resource_url`, `nationality`, `locale`, `contributor_type`, `creation_date`, `last_update`, `fuzzy_startdate`, `location_start_id`, `indexed`) VALUES ('5830', 'Jimmy Fontana', 'Jimmy Fontana, nome d\'arte di Enrico Sbriccoli, è un cantautore, contrabbassista e attore italiano. Ebbe il suo momento di massimo successo negli anni sessanta.', 'cantautore', 'IMAGE', 'TV', 'Wikipedia', 'http://it.wikipedia.org/wiki/Jimmy_Fontana', 'http://it.wikipedia.org/wiki/File:Jimmy_Fontana_a_Canzonissima.jpg', 'Italia', 'It_IT', 'EXTERNAL', '2013-09-19', '2013-09-19', '15430', '2529', '0');
INSERT INTO `reminiscensdb`.`Public_Memento` (`public_memento_id`, `headline`, `text`, `type`, `resource_type`, `category`, `source`, `source_url`, `resource_url`, `author`, `nationality`, `locale`, `contributor_type`, `creation_date`, `last_update`, `fuzzy_startdate`, `location_start_id`, `indexed`) VALUES ('5831', 'La mia serenata', 'Jimmy FONTANA \" La mia serenata\" Live', 'musica popolare', 'VIDEO', 'TV', 'youtube', 'http://it.wikipedia.org/wiki/File:Jimmy_Fontana_a_Canzonissima.jpg', 'http://www.youtube.com/watch?v=lmMijM0IB30', 'Jimmy Fontana', 'Italia', 'It_IT', 'EXTERNAL', '2013-09-19', '2013-09-19', '15431', '2530', '0');
INSERT INTO `reminiscensdb`.`Public_Memento` (`public_memento_id`, `headline`, `text`, `type`, `resource_type`, `category`, `source`, `source_url`, `resource_url`, `author`, `nationality`, `locale`, `contributor_type`, `creation_date`, `last_update`, `fuzzy_startdate`, `location_start_id`, `indexed`) VALUES ('5832', 'La Nostra Favola Canzonissima', 'Jimmy Fontana La Nostra Favola Canzonissima 1968 Video & Audio Restaurati HD', 'musica popolare', 'VIDEO', 'TV', 'youtube', 'http://www.youtube.com/watch?v=lmMijM0IB30', 'http://www.youtube.com/watch?v=rOSWp2t7L7k', 'Jimmy Fontana', 'Italia', 'It_IT', 'EXTERNAL', '2013-09-19', '2013-09-19', '15432', '2530', '0');
INSERT INTO `reminiscensdb`.`Public_Memento` (`public_memento_id`, `headline`, `text`, `type`, `resource_type`, `category`, `source`, `source_url`, `resource_url`, `author`, `nationality`, `locale`, `contributor_type`, `creation_date`, `last_update`, `fuzzy_startdate`, `location_start_id`, `indexed`) VALUES ('5833', 'El mundo', 'Jimmy Fontana - El mundo (1966)', 'musica popolare', 'VIDEO', 'TV', 'youtube', 'http://www.youtube.com/watch?v=rOSWp2t7L7k', 'http://www.youtube.com/watch?v=9JgDDVZfQHE', 'Jimmy Fontana', 'Italia', 'It_IT', 'EXTERNAL', '2013-09-19', '2013-09-19', '15433', '2530', '0');
INSERT INTO `reminiscensdb`.`Public_Memento` (`public_memento_id`, `headline`, `text`, `type`, `resource_type`, `category`, `source`, `source_url`, `resource_url`, `nationality`, `locale`, `contributor_type`, `creation_date`, `last_update`, `fuzzy_startdate`, `location_start_id`, `indexed`) VALUES ('5834', 'Dik Dik', 'I Dik Dik sono un gruppo storico del pop - beat - rock italiano.', 'Gruppo musicale', 'IMAGE', 'TV', 'Wikipedia', 'http://it.wikipedia.org/wiki/Dik_Dik', 'http://www.musicalstore.it/GRUPPI%20STORICI/IMMAGINI%20GRUPPI/Dik%20Dik/Dik%20Dik%202.jpg', 'Italia', 'It_IT', 'EXTERNAL', '2013-09-19', '2013-09-19', '15434', '2531', '0');
INSERT INTO `reminiscensdb`.`Public_Memento` (`public_memento_id`, `headline`, `text`, `type`, `resource_type`, `category`, `source`, `source_url`, `resource_url`, `author`, `nationality`, `locale`, `contributor_type`, `creation_date`, `last_update`, `fuzzy_startdate`, `location_start_id`, `indexed`) VALUES ('5835', 'Senza luce', 'Dik Dik - Senza luce', 'Gruppo musicale', 'VIDEO', 'TV', 'Youtube', 'http://www.musicalstore.it/GRUPPI%20STORICI/IMMAGINI%20GRUPPI/Dik%20Dik/Dik%20Dik%202.jpg', 'http://www.youtube.com/watch?v=WKMg1f2MGXg', 'Dik Dik', 'Italia', 'It_IT', 'EXTERNAL', '2013-09-19', '2013-09-19', '15435', '2531', '0');
INSERT INTO `reminiscensdb`.`Public_Memento` (`public_memento_id`, `headline`, `text`, `type`, `resource_type`, `category`, `source`, `source_url`, `resource_url`, `author`, `nationality`, `locale`, `contributor_type`, `creation_date`, `last_update`, `fuzzy_startdate`, `location_start_id`, `indexed`) VALUES ('5836', 'Il primo giorno di primavera', 'Il primo giorno di primavera - Dik Dik', 'Gruppo musicale', 'VIDEO', 'TV', 'Youtube', 'http://www.youtube.com/watch?v=WKMg1f2MGXg', 'http://www.youtube.com/watch?v=pFasXdSihLc', 'Dik Dik', 'Italia', 'It_IT', 'EXTERNAL', '2013-09-19', '2013-09-19', '15436', '2532', '0');
INSERT INTO `reminiscensdb`.`Public_Memento` (`public_memento_id`, `headline`, `text`, `type`, `resource_type`, `category`, `source`, `source_url`, `resource_url`, `author`, `nationality`, `locale`, `contributor_type`, `creation_date`, `last_update`, `fuzzy_startdate`, `location_start_id`, `indexed`) VALUES ('5837', 'L\'isola di Wight', 'I Dik Dik - L\'isola di Wight', 'Gruppo musicale', 'VIDEO', 'TV', 'Youtube', 'http://www.youtube.com/watch?v=pFasXdSihLc', 'http://www.youtube.com/watch?v=VV-oqHuQJqM', 'Dik Dik', 'Italia', 'It_IT', 'EXTERNAL', '2013-09-19', '2013-09-19', '15437', '2532', '0');
INSERT INTO `reminiscensdb`.`Public_Memento` (`public_memento_id`, `headline`, `text`, `type`, `resource_type`, `category`, `source`, `source_url`, `resource_url`, `resource_thumbnail_url`, `nationality`, `locale`, `contributor_type`, `creation_date`, `last_update`, `fuzzy_startdate`, `location_start_id`, `indexed`) VALUES ('5838', 'Fausto Leali', 'Fausto Leali è un cantante italiano.', 'cantante', 'IMAGE', 'TV', 'wikipedia', 'http://it.wikipedia.org/wiki/Fausto_Leali', 'http://upload.wikimedia.org/wikipedia/commons/3/38/Fausto_Leali_cropped.jpg', 'http://upload.wikimedia.org/wikipedia/commons/thumb/3/38/Fausto_Leali_cropped.jpg/250px-Fausto_Leali_cropped.jpg', 'Italia', 'It_IT', 'EXTERNAL', '2013-09-19', '2013-09-19', '15438', '2533', '0');
INSERT INTO `reminiscensdb`.`Public_Memento` (`public_memento_id`, `headline`, `text`, `type`, `resource_type`, `category`, `source`, `source_url`, `resource_url`, `author`, `nationality`, `locale`, `contributor_type`, `creation_date`, `last_update`, `fuzzy_startdate`, `location_start_id`, `indexed`) VALUES ('5839', 'Mi manchi', 'Fausto Leali Nel 1988 si mette in luce a Sanremo sul palco dell\'Ariston cantando Mi manchi (5º posto).', 'cantante', 'VIDEO', 'SONG', 'youtube', 'http://upload.wikimedia.org/wikipedia/commons/thumb/3/38/Fausto_Leali_cropped.jpg/250px-Fausto_Leali_cropped.jpg', 'http://www.youtube.com/watch?v=Os3FoD5D8Fk', 'Fausto Leali', 'Italia', 'It_IT', 'EXTERNAL', '2013-09-19', '2013-09-19', '15439', '2534', '0');
INSERT INTO `reminiscensdb`.`Public_Memento` (`public_memento_id`, `headline`, `text`, `type`, `resource_type`, `category`, `source`, `source_url`, `resource_url`, `author`, `nationality`, `locale`, `contributor_type`, `creation_date`, `last_update`, `fuzzy_startdate`, `location_start_id`, `indexed`) VALUES ('5840', 'Io amo', 'Fausto Leali Nel 1987 si mette in luce a Sanremo cantando Io amo (4º posto).', 'cantante', 'VIDEO', 'SONG', 'youtube', 'http://www.youtube.com/watch?v=Os3FoD5D8Fk', 'http://www.youtube.com/watch?v=l5q9aoJRyAs', 'Fausto Leali', 'Italia', 'It_IT', 'EXTERNAL', '2013-09-19', '2013-09-19', '15440', '2534', '0');
INSERT INTO `reminiscensdb`.`Public_Memento` (`public_memento_id`, `headline`, `text`, `type`, `resource_type`, `category`, `source`, `source_url`, `resource_url`, `resource_thumbnail_url`, `nationality`, `locale`, `contributor_type`, `creation_date`, `last_update`, `fuzzy_startdate`, `location_start_id`, `indexed`) VALUES ('5841', 'Adriano Celentano', 'Adriano Celentano è un cantautore, ballerino, showman, attore, regista, produttore e montatore italiano. È soprannominato il Molleggiato per via del suo modo di ballare. In tutta la sua carriera Celentano ha venduto circa 150 milioni di dischi.', 'cantante', 'IMAGE', 'TV', 'wikipedia', 'http://it.wikipedia.org/wiki/Adriano_Celentano', 'http://upload.wikimedia.org/wikipedia/commons/1/11/Celentano_2008.jpg', 'http://upload.wikimedia.org/wikipedia/commons/thumb/1/11/Celentano_2008.jpg/233px-Celentano_2008.jpg', 'Italia', 'It_IT', 'EXTERNAL', '2013-09-19', '2013-09-19', '15441', '2535', '0');
INSERT INTO `reminiscensdb`.`Public_Memento` (`public_memento_id`, `headline`, `text`, `type`, `resource_type`, `category`, `source`, `source_url`, `resource_url`, `author`, `nationality`, `locale`, `contributor_type`, `creation_date`, `last_update`, `fuzzy_startdate`, `location_start_id`, `indexed`) VALUES ('5842', 'L\'emozione non ha voce', 'Adriano Celentano - L\'emozione non ha voce', 'cantante', 'VIDEO', 'SONG', 'youtube', 'http://upload.wikimedia.org/wikipedia/commons/thumb/1/11/Celentano_2008.jpg/233px-Celentano_2008.jpg', 'http://www.youtube.com/watch?v=wuRNsybk8To', 'Adriano Celentano', 'Italia', 'It_IT', 'EXTERNAL', '2013-09-19', '2013-09-19', '15442', '2536', '0');
INSERT INTO `reminiscensdb`.`Public_Memento` (`public_memento_id`, `headline`, `text`, `type`, `resource_type`, `category`, `source`, `source_url`, `resource_url`, `author`, `nationality`, `locale`, `contributor_type`, `creation_date`, `last_update`, `fuzzy_startdate`, `location_start_id`, `indexed`) VALUES ('5843', 'Azzurro', 'Adriano Celentano - Azzurro', 'cantante', 'VIDEO', 'SONG', 'youtube', 'http://www.youtube.com/watch?v=wuRNsybk8To', 'http://www.youtube.com/watch?v=5U2qgTvfpgs', 'Adriano Celentano', 'Italia', 'It_IT', 'EXTERNAL', '2013-09-19', '2013-09-19', '15443', '2536', '0');
INSERT INTO `reminiscensdb`.`Public_Memento` (`public_memento_id`, `headline`, `text`, `type`, `resource_type`, `category`, `source`, `source_url`, `resource_url`, `author`, `nationality`, `locale`, `contributor_type`, `creation_date`, `last_update`, `fuzzy_startdate`, `location_start_id`, `indexed`) VALUES ('5844', 'Il Ragazzo della via Gluck', 'Nel 1966, dopo cinque anni, Celentano decide di tornare al Festival di Sanremo: la canzone, Il ragazzo della via Gluck', 'cantante', 'VIDEO', 'SONG', 'youtube', 'http://www.youtube.com/watch?v=5U2qgTvfpgs', 'https://www.youtube.com/watch?v=JaHUKBlX3ls', 'Adriano Celentano', 'Italia', 'It_IT', 'EXTERNAL', '2013-09-19', '2013-09-19', '15444', '2536', '0');
INSERT INTO `reminiscensdb`.`Public_Memento` (`public_memento_id`, `headline`, `text`, `type`, `resource_type`, `category`, `source`, `source_url`, `resource_url`, `author`, `nationality`, `locale`, `contributor_type`, `creation_date`, `last_update`, `fuzzy_startdate`, `location_start_id`, `indexed`) VALUES ('5845', 'Fratelli D\'Italia', 'l\'inno italiano completo con testo nel vide', 'Inno', 'VIDEO', 'SONG', 'youtube', 'https://www.youtube.com/watch?v=JaHUKBlX3ls', 'http://www.youtube.com/watch?v=AcI2IdHhEHE', 'Goffredo Mameli (testo), Michele Novaro (musica)', 'Italia', 'It_IT', 'EXTERNAL', '2013-09-19', '2013-09-19', '15445', '2536', '0');
INSERT INTO `reminiscensdb`.`Public_Memento` (`public_memento_id`, `headline`, `text`, `type`, `resource_type`, `category`, `source`, `source_url`, `resource_url`, `author`, `nationality`, `locale`, `contributor_type`, `creation_date`, `last_update`, `fuzzy_startdate`, `location_start_id`, `indexed`) VALUES ('5846', 'Inno al Trentino', 'L\'Inno al Trentino è un popolare canto alpino associato al territorio del Trentino, attribuito a Ernesta Bittanti Battisti (moglie di Cesare Battisti) e musicato da Guglielmo Bussoli, nel 1911.', 'Inno', 'VIDEO', 'SONG', 'http://www.youtube.com/watch?v=AcI2IdHhEHE', 'http://www.youtube.com/watch?v=AcI2IdHhEHE', 'http://www.youtube.com/watch?v=iQgvdIZ73gA', 'Livio Rosa', 'Italia', 'It_IT', 'EXTERNAL', '2013-09-19', '2013-09-19', '15446', '2537', '0');
UPDATE `reminiscensdb`.`Public_Memento` SET `source`='youtube', `source_url`=NULL WHERE `public_memento_id`='5846';
UPDATE `reminiscensdb`.`Public_Memento` SET `source_url`=NULL WHERE `public_memento_id`='5845';
UPDATE `reminiscensdb`.`Public_Memento` SET `source_url`=NULL WHERE `public_memento_id`='5844';
UPDATE `reminiscensdb`.`Public_Memento` SET `source_url`=NULL WHERE `public_memento_id`='5843';
UPDATE `reminiscensdb`.`Public_Memento` SET `source_url`=NULL WHERE `public_memento_id`='5840';
UPDATE `reminiscensdb`.`Public_Memento` SET `source_url`=NULL WHERE `public_memento_id`='5837';
UPDATE `reminiscensdb`.`Public_Memento` SET `source_url`=NULL WHERE `public_memento_id`='5836';
UPDATE `reminiscensdb`.`Public_Memento` SET `source_url`=NULL WHERE `public_memento_id`='5835';
UPDATE `reminiscensdb`.`Public_Memento` SET `source_url`=NULL WHERE `public_memento_id`='5833';
UPDATE `reminiscensdb`.`Public_Memento` SET `source_url`=NULL WHERE `public_memento_id`='5832';
UPDATE `reminiscensdb`.`Public_Memento` SET `source_url`=NULL WHERE `public_memento_id`='5829';
UPDATE `reminiscensdb`.`Public_Memento` SET `source_url`=NULL WHERE `public_memento_id`='5828';
UPDATE `reminiscensdb`.`Public_Memento` SET `source_url`=NULL WHERE `public_memento_id`='5825';
UPDATE `reminiscensdb`.`Public_Memento` SET `source_url`=NULL WHERE `public_memento_id`='5822';
UPDATE `reminiscensdb`.`Public_Memento` SET `source_url`=NULL WHERE `public_memento_id`='5819';
UPDATE `reminiscensdb`.`Public_Memento` SET `source_url`=NULL WHERE `public_memento_id`='5816';
UPDATE `reminiscensdb`.`Public_Memento` SET `source_url`=NULL WHERE `public_memento_id`='5815';
UPDATE `reminiscensdb`.`Public_Memento` SET `source_url`=NULL WHERE `public_memento_id`='5812';
UPDATE `reminiscensdb`.`Public_Memento` SET `source_url`=NULL WHERE `public_memento_id`='5811';
UPDATE `reminiscensdb`.`Public_Memento` SET `source_url`=NULL WHERE `public_memento_id`='5808';
UPDATE `reminiscensdb`.`Public_Memento` SET `source_url`=NULL WHERE `public_memento_id`='5804';
